(0.000) 
            SELECT name, type FROM sqlite_master
            WHERE type in ('table', 'view') AND NOT name='sqlite_sequence'
            ORDER BY name; args=None; alias=default
(0.000) 
            SELECT name, type FROM sqlite_master
            WHERE type in ('table', 'view') AND NOT name='sqlite_sequence'
            ORDER BY name; args=None; alias=default
(0.000) 
            SELECT name, type FROM sqlite_master
            WHERE type in ('table', 'view') AND NOT name='sqlite_sequence'
            ORDER BY name; args=None; alias=default
(0.000) 
            SELECT name, type FROM sqlite_master
            WHERE type in ('table', 'view') AND NOT name='sqlite_sequence'
            ORDER BY name; args=None; alias=default
(0.000) PRAGMA foreign_keys = OFF; args=None; alias=default
(0.000) PRAGMA foreign_keys; args=None; alias=default
(0.000) BEGIN; args=None; alias=default
CREATE TABLE "django_migrations" ("id" integer NOT NULL PRIMARY KEY AUTOINCREMENT, "app" varchar(255) NOT NULL, "name" varchar(255) NOT NULL, "applied" datetime NOT NULL); (params None)
(0.001) CREATE TABLE "django_migrations" ("id" integer NOT NULL PRIMARY KEY AUTOINCREMENT, "app" varchar(255) NOT NULL, "name" varchar(255) NOT NULL, "applied" datetime NOT NULL); args=None; alias=default
(0.000) PRAGMA foreign_key_check; args=None; alias=default
(0.011) COMMIT; args=None; alias=default
(0.000) PRAGMA foreign_keys = ON; args=None; alias=default
(0.000) PRAGMA foreign_keys = OFF; args=None; alias=default
(0.000) PRAGMA foreign_keys; args=None; alias=default
(0.000) BEGIN; args=None; alias=default
CREATE TABLE "django_content_type" ("id" integer NOT NULL PRIMARY KEY AUTOINCREMENT, "name" varchar(100) NOT NULL, "app_label" varchar(100) NOT NULL, "model" varchar(100) NOT NULL); (params None)
(0.001) CREATE TABLE "django_content_type" ("id" integer NOT NULL PRIMARY KEY AUTOINCREMENT, "name" varchar(100) NOT NULL, "app_label" varchar(100) NOT NULL, "model" varchar(100) NOT NULL); args=None; alias=default
CREATE UNIQUE INDEX "django_content_type_app_label_model_76bd3d3b_uniq" ON "django_content_type" ("app_label", "model"); (params ())
(0.000) CREATE UNIQUE INDEX "django_content_type_app_label_model_76bd3d3b_uniq" ON "django_content_type" ("app_label", "model"); args=(); alias=default
(0.000) 
            SELECT name, type FROM sqlite_master
            WHERE type in ('table', 'view') AND NOT name='sqlite_sequence'
            ORDER BY name; args=None; alias=default
(0.000) INSERT INTO "django_migrations" ("app", "name", "applied") VALUES ('contenttypes', '0001_initial', '2026-03-22 19:51:13.007268') RETURNING "django_migrations"."id"; args=('contenttypes', '0001_initial', '2026-03-22 19:51:13.007268'); alias=default
(0.000) PRAGMA foreign_key_check; args=None; alias=default
(0.007) COMMIT; args=None; alias=default
(0.000) PRAGMA foreign_keys = ON; args=None; alias=default
(0.000) PRAGMA foreign_keys = OFF; args=None; alias=default
(0.000) PRAGMA foreign_keys; args=None; alias=default
(0.000) BEGIN; args=None; alias=default
CREATE TABLE "auth_permission" ("id" integer NOT NULL PRIMARY KEY AUTOINCREMENT, "name" varchar(50) NOT NULL, "content_type_id" integer NOT NULL REFERENCES "django_content_type" ("id") DEFERRABLE INITIALLY DEFERRED, "codename" varchar(100) NOT NULL); (params None)
(0.001) CREATE TABLE "auth_permission" ("id" integer NOT NULL PRIMARY KEY AUTOINCREMENT, "name" varchar(50) NOT NULL, "content_type_id" integer NOT NULL REFERENCES "django_content_type" ("id") DEFERRABLE INITIALLY DEFERRED, "codename" varchar(100) NOT NULL); args=None; alias=default
CREATE TABLE "auth_group" ("id" integer NOT NULL PRIMARY KEY AUTOINCREMENT, "name" varchar(80) NOT NULL UNIQUE); (params None)
(0.000) CREATE TABLE "auth_group" ("id" integer NOT NULL PRIMARY KEY AUTOINCREMENT, "name" varchar(80) NOT NULL UNIQUE); args=None; alias=default
CREATE TABLE "auth_group_permissions" ("id" integer NOT NULL PRIMARY KEY AUTOINCREMENT, "group_id" integer NOT NULL REFERENCES "auth_group" ("id") DEFERRABLE INITIALLY DEFERRED, "permission_id" integer NOT NULL REFERENCES "auth_permission" ("id") DEFERRABLE INITIALLY DEFERRED); (params None)
(0.000) CREATE TABLE "auth_group_permissions" ("id" integer NOT NULL PRIMARY KEY AUTOINCREMENT, "group_id" integer NOT NULL REFERENCES "auth_group" ("id") DEFERRABLE INITIALLY DEFERRED, "permission_id" integer NOT NULL REFERENCES "auth_permission" ("id") DEFERRABLE INITIALLY DEFERRED); args=None; alias=default
CREATE TABLE "auth_user" ("id" integer NOT NULL PRIMARY KEY AUTOINCREMENT, "password" varchar(128) NOT NULL, "last_login" datetime NOT NULL, "is_superuser" bool NOT NULL, "username" varchar(30) NOT NULL UNIQUE, "first_name" varchar(30) NOT NULL, "last_name" varchar(30) NOT NULL, "email" varchar(75) NOT NULL, "is_staff" bool NOT NULL, "is_active" bool NOT NULL, "date_joined" datetime NOT NULL); (params None)
(0.000) CREATE TABLE "auth_user" ("id" integer NOT NULL PRIMARY KEY AUTOINCREMENT, "password" varchar(128) NOT NULL, "last_login" datetime NOT NULL, "is_superuser" bool NOT NULL, "username" varchar(30) NOT NULL UNIQUE, "first_name" varchar(30) NOT NULL, "last_name" varchar(30) NOT NULL, "email" varchar(75) NOT NULL, "is_staff" bool NOT NULL, "is_active" bool NOT NULL, "date_joined" datetime NOT NULL); args=None; alias=default
CREATE TABLE "auth_user_groups" ("id" integer NOT NULL PRIMARY KEY AUTOINCREMENT, "user_id" integer NOT NULL REFERENCES "auth_user" ("id") DEFERRABLE INITIALLY DEFERRED, "group_id" integer NOT NULL REFERENCES "auth_group" ("id") DEFERRABLE INITIALLY DEFERRED); (params None)
(0.000) CREATE TABLE "auth_user_groups" ("id" integer NOT NULL PRIMARY KEY AUTOINCREMENT, "user_id" integer NOT NULL REFERENCES "auth_user" ("id") DEFERRABLE INITIALLY DEFERRED, "group_id" integer NOT NULL REFERENCES "auth_group" ("id") DEFERRABLE INITIALLY DEFERRED); args=None; alias=default
CREATE TABLE "auth_user_user_permissions" ("id" integer NOT NULL PRIMARY KEY AUTOINCREMENT, "user_id" integer NOT NULL REFERENCES "auth_user" ("id") DEFERRABLE INITIALLY DEFERRED, "permission_id" integer NOT NULL REFERENCES "auth_permission" ("id") DEFERRABLE INITIALLY DEFERRED); (params None)
(0.000) CREATE TABLE "auth_user_user_permissions" ("id" integer NOT NULL PRIMARY KEY AUTOINCREMENT, "user_id" integer NOT NULL REFERENCES "auth_user" ("id") DEFERRABLE INITIALLY DEFERRED, "permission_id" integer NOT NULL REFERENCES "auth_permission" ("id") DEFERRABLE INITIALLY DEFERRED); args=None; alias=default
(0.000) PRAGMA foreign_key_check; args=None; alias=default
CREATE UNIQUE INDEX "auth_permission_content_type_id_codename_01ab375a_uniq" ON "auth_permission" ("content_type_id", "codename"); (params None)
(0.000) CREATE UNIQUE INDEX "auth_permission_content_type_id_codename_01ab375a_uniq" ON "auth_permission" ("content_type_id", "codename"); args=None; alias=default
CREATE INDEX "auth_permission_content_type_id_2f476e4b" ON "auth_permission" ("content_type_id"); (params None)
(0.000) CREATE INDEX "auth_permission_content_type_id_2f476e4b" ON "auth_permission" ("content_type_id"); args=None; alias=default
CREATE UNIQUE INDEX "auth_group_permissions_group_id_permission_id_0cd325b0_uniq" ON "auth_group_permissions" ("group_id", "permission_id"); (params None)
(0.000) CREATE UNIQUE INDEX "auth_group_permissions_group_id_permission_id_0cd325b0_uniq" ON "auth_group_permissions" ("group_id", "permission_id"); args=None; alias=default
CREATE INDEX "auth_group_permissions_group_id_b120cbf9" ON "auth_group_permissions" ("group_id"); (params None)
(0.000) CREATE INDEX "auth_group_permissions_group_id_b120cbf9" ON "auth_group_permissions" ("group_id"); args=None; alias=default
CREATE INDEX "auth_group_permissions_permission_id_84c5c92e" ON "auth_group_permissions" ("permission_id"); (params None)
(0.000) CREATE INDEX "auth_group_permissions_permission_id_84c5c92e" ON "auth_group_permissions" ("permission_id"); args=None; alias=default
CREATE UNIQUE INDEX "auth_user_groups_user_id_group_id_94350c0c_uniq" ON "auth_user_groups" ("user_id", "group_id"); (params None)
(0.000) CREATE UNIQUE INDEX "auth_user_groups_user_id_group_id_94350c0c_uniq" ON "auth_user_groups" ("user_id", "group_id"); args=None; alias=default
CREATE INDEX "auth_user_groups_user_id_6a12ed8b" ON "auth_user_groups" ("user_id"); (params None)
(0.000) CREATE INDEX "auth_user_groups_user_id_6a12ed8b" ON "auth_user_groups" ("user_id"); args=None; alias=default
CREATE INDEX "auth_user_groups_group_id_97559544" ON "auth_user_groups" ("group_id"); (params None)
(0.000) CREATE INDEX "auth_user_groups_group_id_97559544" ON "auth_user_groups" ("group_id"); args=None; alias=default
CREATE UNIQUE INDEX "auth_user_user_permissions_user_id_permission_id_14a6b632_uniq" ON "auth_user_user_permissions" ("user_id", "permission_id"); (params None)
(0.000) CREATE UNIQUE INDEX "auth_user_user_permissions_user_id_permission_id_14a6b632_uniq" ON "auth_user_user_permissions" ("user_id", "permission_id"); args=None; alias=default
CREATE INDEX "auth_user_user_permissions_user_id_a95ead1b" ON "auth_user_user_permissions" ("user_id"); (params None)
(0.000) CREATE INDEX "auth_user_user_permissions_user_id_a95ead1b" ON "auth_user_user_permissions" ("user_id"); args=None; alias=default
CREATE INDEX "auth_user_user_permissions_permission_id_1fbb5f2c" ON "auth_user_user_permissions" ("permission_id"); (params None)
(0.000) CREATE INDEX "auth_user_user_permissions_permission_id_1fbb5f2c" ON "auth_user_user_permissions" ("permission_id"); args=None; alias=default
(0.007) COMMIT; args=None; alias=default
(0.000) PRAGMA foreign_keys = ON; args=None; alias=default
(0.001) INSERT INTO "django_migrations" ("app", "name", "applied") VALUES ('auth', '0001_initial', '2026-03-22 19:51:13.039745') RETURNING "django_migrations"."id"; args=('auth', '0001_initial', '2026-03-22 19:51:13.039745'); alias=default
(0.000) PRAGMA foreign_keys = OFF; args=None; alias=default
(0.000) PRAGMA foreign_keys; args=None; alias=default
(0.000) BEGIN; args=None; alias=default
CREATE TABLE "django_admin_log" ("id" integer NOT NULL PRIMARY KEY AUTOINCREMENT, "action_time" datetime NOT NULL, "object_id" text NULL, "object_repr" varchar(200) NOT NULL, "action_flag" smallint unsigned NOT NULL CHECK ("action_flag" >= 0), "change_message" text NOT NULL, "content_type_id" integer NULL REFERENCES "django_content_type" ("id") DEFERRABLE INITIALLY DEFERRED, "user_id" integer NOT NULL REFERENCES "auth_user" ("id") DEFERRABLE INITIALLY DEFERRED); (params None)
(0.001) CREATE TABLE "django_admin_log" ("id" integer NOT NULL PRIMARY KEY AUTOINCREMENT, "action_time" datetime NOT NULL, "object_id" text NULL, "object_repr" varchar(200) NOT NULL, "action_flag" smallint unsigned NOT NULL CHECK ("action_flag" >= 0), "change_message" text NOT NULL, "content_type_id" integer NULL REFERENCES "django_content_type" ("id") DEFERRABLE INITIALLY DEFERRED, "user_id" integer NOT NULL REFERENCES "auth_user" ("id") DEFERRABLE INITIALLY DEFERRED); args=None; alias=default
(0.000) PRAGMA foreign_key_check; args=None; alias=default
CREATE INDEX "django_admin_log_content_type_id_c4bce8eb" ON "django_admin_log" ("content_type_id"); (params None)
(0.000) CREATE INDEX "django_admin_log_content_type_id_c4bce8eb" ON "django_admin_log" ("content_type_id"); args=None; alias=default
CREATE INDEX "django_admin_log_user_id_c564eba6" ON "django_admin_log" ("user_id"); (params None)
(0.000) CREATE INDEX "django_admin_log_user_id_c564eba6" ON "django_admin_log" ("user_id"); args=None; alias=default
(0.007) COMMIT; args=None; alias=default
(0.000) PRAGMA foreign_keys = ON; args=None; alias=default
(0.001) INSERT INTO "django_migrations" ("app", "name", "applied") VALUES ('admin', '0001_initial', '2026-03-22 19:51:13.063212') RETURNING "django_migrations"."id"; args=('admin', '0001_initial', '2026-03-22 19:51:13.063212'); alias=default
(0.000) PRAGMA foreign_keys = OFF; args=None; alias=default
(0.000) PRAGMA foreign_keys; args=None; alias=default
(0.000) BEGIN; args=None; alias=default
CREATE TABLE "new__django_admin_log" ("id" integer NOT NULL PRIMARY KEY AUTOINCREMENT, "object_id" text NULL, "object_repr" varchar(200) NOT NULL, "action_flag" smallint unsigned NOT NULL CHECK ("action_flag" >= 0), "change_message" text NOT NULL, "content_type_id" integer NULL REFERENCES "django_content_type" ("id") DEFERRABLE INITIALLY DEFERRED, "user_id" integer NOT NULL REFERENCES "auth_user" ("id") DEFERRABLE INITIALLY DEFERRED, "action_time" datetime NOT NULL); (params None)
(0.001) CREATE TABLE "new__django_admin_log" ("id" integer NOT NULL PRIMARY KEY AUTOINCREMENT, "object_id" text NULL, "object_repr" varchar(200) NOT NULL, "action_flag" smallint unsigned NOT NULL CHECK ("action_flag" >= 0), "change_message" text NOT NULL, "content_type_id" integer NULL REFERENCES "django_content_type" ("id") DEFERRABLE INITIALLY DEFERRED, "user_id" integer NOT NULL REFERENCES "auth_user" ("id") DEFERRABLE INITIALLY DEFERRED, "action_time" datetime NOT NULL); args=None; alias=default
INSERT INTO "new__django_admin_log" ("id", "object_id", "object_repr", "action_flag", "change_message", "content_type_id", "user_id", "action_time") SELECT "id", "object_id", "object_repr", "action_flag", "change_message", "content_type_id", "user_id", "action_time" FROM "django_admin_log"; (params ())
(0.000) INSERT INTO "new__django_admin_log" ("id", "object_id", "object_repr", "action_flag", "change_message", "content_type_id", "user_id", "action_time") SELECT "id", "object_id", "object_repr", "action_flag", "change_message", "content_type_id", "user_id", "action_time" FROM "django_admin_log"; args=(); alias=default
DROP TABLE "django_admin_log"; (params ())
(0.000) DROP TABLE "django_admin_log"; args=(); alias=default
ALTER TABLE "new__django_admin_log" RENAME TO "django_admin_log"; (params ())
(0.001) ALTER TABLE "new__django_admin_log" RENAME TO "django_admin_log"; args=(); alias=default
CREATE INDEX "django_admin_log_content_type_id_c4bce8eb" ON "django_admin_log" ("content_type_id"); (params ())
(0.000) CREATE INDEX "django_admin_log_content_type_id_c4bce8eb" ON "django_admin_log" ("content_type_id"); args=(); alias=default
CREATE INDEX "django_admin_log_user_id_c564eba6" ON "django_admin_log" ("user_id"); (params ())
(0.000) CREATE INDEX "django_admin_log_user_id_c564eba6" ON "django_admin_log" ("user_id"); args=(); alias=default
(0.000) INSERT INTO "django_migrations" ("app", "name", "applied") VALUES ('admin', '0002_logentry_remove_auto_add', '2026-03-22 19:51:13.080620') RETURNING "django_migrations"."id"; args=('admin', '0002_logentry_remove_auto_add', '2026-03-22 19:51:13.080620'); alias=default
(0.000) PRAGMA foreign_key_check; args=None; alias=default
(0.008) COMMIT; args=None; alias=default
(0.000) PRAGMA foreign_keys = ON; args=None; alias=default
(0.000) PRAGMA foreign_keys = OFF; args=None; alias=default
(0.000) PRAGMA foreign_keys; args=None; alias=default
(0.000) BEGIN; args=None; alias=default
(0.001) INSERT INTO "django_migrations" ("app", "name", "applied") VALUES ('admin', '0003_logentry_add_action_flag_choices', '2026-03-22 19:51:13.094354') RETURNING "django_migrations"."id"; args=('admin', '0003_logentry_add_action_flag_choices', '2026-03-22 19:51:13.094354'); alias=default
(0.000) PRAGMA foreign_key_check; args=None; alias=default
(0.007) COMMIT; args=None; alias=default
(0.000) PRAGMA foreign_keys = ON; args=None; alias=default
(0.000) PRAGMA foreign_keys = OFF; args=None; alias=default
(0.000) PRAGMA foreign_keys; args=None; alias=default
(0.000) BEGIN; args=None; alias=default
CREATE TABLE "new__django_content_type" ("id" integer NOT NULL PRIMARY KEY AUTOINCREMENT, "app_label" varchar(100) NOT NULL, "model" varchar(100) NOT NULL, "name" varchar(100) NULL); (params None)
(0.001) CREATE TABLE "new__django_content_type" ("id" integer NOT NULL PRIMARY KEY AUTOINCREMENT, "app_label" varchar(100) NOT NULL, "model" varchar(100) NOT NULL, "name" varchar(100) NULL); args=None; alias=default
INSERT INTO "new__django_content_type" ("id", "app_label", "model", "name") SELECT "id", "app_label", "model", "name" FROM "django_content_type"; (params ())
(0.000) INSERT INTO "new__django_content_type" ("id", "app_label", "model", "name") SELECT "id", "app_label", "model", "name" FROM "django_content_type"; args=(); alias=default
DROP TABLE "django_content_type"; (params ())
(0.000) DROP TABLE "django_content_type"; args=(); alias=default
ALTER TABLE "new__django_content_type" RENAME TO "django_content_type"; (params ())
(0.001) ALTER TABLE "new__django_content_type" RENAME TO "django_content_type"; args=(); alias=default
CREATE UNIQUE INDEX "django_content_type_app_label_model_76bd3d3b_uniq" ON "django_content_type" ("app_label", "model"); (params ())
(0.000) CREATE UNIQUE INDEX "django_content_type_app_label_model_76bd3d3b_uniq" ON "django_content_type" ("app_label", "model"); args=(); alias=default
ALTER TABLE "django_content_type" DROP COLUMN "name"; (params ())
(0.001) ALTER TABLE "django_content_type" DROP COLUMN "name"; args=(); alias=default
(0.000) INSERT INTO "django_migrations" ("app", "name", "applied") VALUES ('contenttypes', '0002_remove_content_type_name', '2026-03-22 19:51:13.121227') RETURNING "django_migrations"."id"; args=('contenttypes', '0002_remove_content_type_name', '2026-03-22 19:51:13.121227'); alias=default
(0.000) PRAGMA foreign_key_check; args=None; alias=default
(0.007) COMMIT; args=None; alias=default
(0.000) PRAGMA foreign_keys = ON; args=None; alias=default
(0.000) PRAGMA foreign_keys = OFF; args=None; alias=default
(0.000) PRAGMA foreign_keys; args=None; alias=default
(0.000) BEGIN; args=None; alias=default
CREATE TABLE "new__auth_permission" ("id" integer NOT NULL PRIMARY KEY AUTOINCREMENT, "content_type_id" integer NOT NULL REFERENCES "django_content_type" ("id") DEFERRABLE INITIALLY DEFERRED, "codename" varchar(100) NOT NULL, "name" varchar(255) NOT NULL); (params None)
(0.001) CREATE TABLE "new__auth_permission" ("id" integer NOT NULL PRIMARY KEY AUTOINCREMENT, "content_type_id" integer NOT NULL REFERENCES "django_content_type" ("id") DEFERRABLE INITIALLY DEFERRED, "codename" varchar(100) NOT NULL, "name" varchar(255) NOT NULL); args=None; alias=default
INSERT INTO "new__auth_permission" ("id", "content_type_id", "codename", "name") SELECT "id", "content_type_id", "codename", "name" FROM "auth_permission"; (params ())
(0.000) INSERT INTO "new__auth_permission" ("id", "content_type_id", "codename", "name") SELECT "id", "content_type_id", "codename", "name" FROM "auth_permission"; args=(); alias=default
DROP TABLE "auth_permission"; (params ())
(0.000) DROP TABLE "auth_permission"; args=(); alias=default
ALTER TABLE "new__auth_permission" RENAME TO "auth_permission"; (params ())
(0.001) ALTER TABLE "new__auth_permission" RENAME TO "auth_permission"; args=(); alias=default
CREATE UNIQUE INDEX "auth_permission_content_type_id_codename_01ab375a_uniq" ON "auth_permission" ("content_type_id", "codename"); (params ())
(0.000) CREATE UNIQUE INDEX "auth_permission_content_type_id_codename_01ab375a_uniq" ON "auth_permission" ("content_type_id", "codename"); args=(); alias=default
CREATE INDEX "auth_permission_content_type_id_2f476e4b" ON "auth_permission" ("content_type_id"); (params ())
(0.000) CREATE INDEX "auth_permission_content_type_id_2f476e4b" ON "auth_permission" ("content_type_id"); args=(); alias=default
(0.000) INSERT INTO "django_migrations" ("app", "name", "applied") VALUES ('auth', '0002_alter_permission_name_max_length', '2026-03-22 19:51:13.138328') RETURNING "django_migrations"."id"; args=('auth', '0002_alter_permission_name_max_length', '2026-03-22 19:51:13.138328'); alias=default
(0.000) PRAGMA foreign_key_check; args=None; alias=default
(0.007) COMMIT; args=None; alias=default
(0.000) PRAGMA foreign_keys = ON; args=None; alias=default
(0.000) PRAGMA foreign_keys = OFF; args=None; alias=default
(0.000) PRAGMA foreign_keys; args=None; alias=default
(0.000) BEGIN; args=None; alias=default
CREATE TABLE "new__auth_user" ("id" integer NOT NULL PRIMARY KEY AUTOINCREMENT, "password" varchar(128) NOT NULL, "last_login" datetime NOT NULL, "is_superuser" bool NOT NULL, "username" varchar(30) NOT NULL UNIQUE, "first_name" varchar(30) NOT NULL, "last_name" varchar(30) NOT NULL, "is_staff" bool NOT NULL, "is_active" bool NOT NULL, "date_joined" datetime NOT NULL, "email" varchar(254) NOT NULL); (params None)
(0.001) CREATE TABLE "new__auth_user" ("id" integer NOT NULL PRIMARY KEY AUTOINCREMENT, "password" varchar(128) NOT NULL, "last_login" datetime NOT NULL, "is_superuser" bool NOT NULL, "username" varchar(30) NOT NULL UNIQUE, "first_name" varchar(30) NOT NULL, "last_name" varchar(30) NOT NULL, "is_staff" bool NOT NULL, "is_active" bool NOT NULL, "date_joined" datetime NOT NULL, "email" varchar(254) NOT NULL); args=None; alias=default
INSERT INTO "new__auth_user" ("id", "password", "last_login", "is_superuser", "username", "first_name", "last_name", "is_staff", "is_active", "date_joined", "email") SELECT "id", "password", "last_login", "is_superuser", "username", "first_name", "last_name", "is_staff", "is_active", "date_joined", "email" FROM "auth_user"; (params ())
(0.000) INSERT INTO "new__auth_user" ("id", "password", "last_login", "is_superuser", "username", "first_name", "last_name", "is_staff", "is_active", "date_joined", "email") SELECT "id", "password", "last_login", "is_superuser", "username", "first_name", "last_name", "is_staff", "is_active", "date_joined", "email" FROM "auth_user"; args=(); alias=default
DROP TABLE "auth_user"; (params ())
(0.000) DROP TABLE "auth_user"; args=(); alias=default
ALTER TABLE "new__auth_user" RENAME TO "auth_user"; (params ())
(0.001) ALTER TABLE "new__auth_user" RENAME TO "auth_user"; args=(); alias=default
(0.000) INSERT INTO "django_migrations" ("app", "name", "applied") VALUES ('auth', '0003_alter_user_email_max_length', '2026-03-22 19:51:13.156360') RETURNING "django_migrations"."id"; args=('auth', '0003_alter_user_email_max_length', '2026-03-22 19:51:13.156360'); alias=default
(0.000) PRAGMA foreign_key_check; args=None; alias=default
(0.007) COMMIT; args=None; alias=default
(0.000) PRAGMA foreign_keys = ON; args=None; alias=default
(0.000) PRAGMA foreign_keys = OFF; args=None; alias=default
(0.000) PRAGMA foreign_keys; args=None; alias=default
(0.000) BEGIN; args=None; alias=default
(0.001) INSERT INTO "django_migrations" ("app", "name", "applied") VALUES ('auth', '0004_alter_user_username_opts', '2026-03-22 19:51:13.169463') RETURNING "django_migrations"."id"; args=('auth', '0004_alter_user_username_opts', '2026-03-22 19:51:13.169463'); alias=default
(0.000) PRAGMA foreign_key_check; args=None; alias=default
(0.007) COMMIT; args=None; alias=default
(0.000) PRAGMA foreign_keys = ON; args=None; alias=default
(0.000) PRAGMA foreign_keys = OFF; args=None; alias=default
(0.000) PRAGMA foreign_keys; args=None; alias=default
(0.000) BEGIN; args=None; alias=default
CREATE TABLE "new__auth_user" ("id" integer NOT NULL PRIMARY KEY AUTOINCREMENT, "password" varchar(128) NOT NULL, "is_superuser" bool NOT NULL, "username" varchar(30) NOT NULL UNIQUE, "first_name" varchar(30) NOT NULL, "last_name" varchar(30) NOT NULL, "email" varchar(254) NOT NULL, "is_staff" bool NOT NULL, "is_active" bool NOT NULL, "date_joined" datetime NOT NULL, "last_login" datetime NULL); (params None)
(0.001) CREATE TABLE "new__auth_user" ("id" integer NOT NULL PRIMARY KEY AUTOINCREMENT, "password" varchar(128) NOT NULL, "is_superuser" bool NOT NULL, "username" varchar(30) NOT NULL UNIQUE, "first_name" varchar(30) NOT NULL, "last_name" varchar(30) NOT NULL, "email" varchar(254) NOT NULL, "is_staff" bool NOT NULL, "is_active" bool NOT NULL, "date_joined" datetime NOT NULL, "last_login" datetime NULL); args=None; alias=default
INSERT INTO "new__auth_user" ("id", "password", "is_superuser", "username", "first_name", "last_name", "email", "is_staff", "is_active", "date_joined", "last_login") SELECT "id", "password", "is_superuser", "username", "first_name", "last_name", "email", "is_staff", "is_active", "date_joined", "last_login" FROM "auth_user"; (params ())
(0.000) INSERT INTO "new__auth_user" ("id", "password", "is_superuser", "username", "first_name", "last_name", "email", "is_staff", "is_active", "date_joined", "last_login") SELECT "id", "password", "is_superuser", "username", "first_name", "last_name", "email", "is_staff", "is_active", "date_joined", "last_login" FROM "auth_user"; args=(); alias=default
DROP TABLE "auth_user"; (params ())
(0.000) DROP TABLE "auth_user"; args=(); alias=default
ALTER TABLE "new__auth_user" RENAME TO "auth_user"; (params ())
(0.001) ALTER TABLE "new__auth_user" RENAME TO "auth_user"; args=(); alias=default
(0.000) INSERT INTO "django_migrations" ("app", "name", "applied") VALUES ('auth', '0005_alter_user_last_login_null', '2026-03-22 19:51:13.187572') RETURNING "django_migrations"."id"; args=('auth', '0005_alter_user_last_login_null', '2026-03-22 19:51:13.187572'); alias=default
(0.000) PRAGMA foreign_key_check; args=None; alias=default
(0.007) COMMIT; args=None; alias=default
(0.000) PRAGMA foreign_keys = ON; args=None; alias=default
(0.000) PRAGMA foreign_keys = OFF; args=None; alias=default
(0.000) PRAGMA foreign_keys; args=None; alias=default
(0.000) BEGIN; args=None; alias=default
(0.001) INSERT INTO "django_migrations" ("app", "name", "applied") VALUES ('auth', '0006_require_contenttypes_0002', '2026-03-22 19:51:13.196443') RETURNING "django_migrations"."id"; args=('auth', '0006_require_contenttypes_0002', '2026-03-22 19:51:13.196443'); alias=default
(0.000) PRAGMA foreign_key_check; args=None; alias=default
(0.007) COMMIT; args=None; alias=default
(0.000) PRAGMA foreign_keys = ON; args=None; alias=default
(0.000) PRAGMA foreign_keys = OFF; args=None; alias=default
(0.000) PRAGMA foreign_keys; args=None; alias=default
(0.000) BEGIN; args=None; alias=default
(0.001) INSERT INTO "django_migrations" ("app", "name", "applied") VALUES ('auth', '0007_alter_validators_add_error_messages', '2026-03-22 19:51:13.209894') RETURNING "django_migrations"."id"; args=('auth', '0007_alter_validators_add_error_messages', '2026-03-22 19:51:13.209894'); alias=default
(0.000) PRAGMA foreign_key_check; args=None; alias=default
(0.007) COMMIT; args=None; alias=default
(0.000) PRAGMA foreign_keys = ON; args=None; alias=default
(0.000) PRAGMA foreign_keys = OFF; args=None; alias=default
(0.000) PRAGMA foreign_keys; args=None; alias=default
(0.000) BEGIN; args=None; alias=default
CREATE TABLE "new__auth_user" ("id" integer NOT NULL PRIMARY KEY AUTOINCREMENT, "password" varchar(128) NOT NULL, "last_login" datetime NULL, "is_superuser" bool NOT NULL, "first_name" varchar(30) NOT NULL, "last_name" varchar(30) NOT NULL, "email" varchar(254) NOT NULL, "is_staff" bool NOT NULL, "is_active" bool NOT NULL, "date_joined" datetime NOT NULL, "username" varchar(150) NOT NULL UNIQUE); (params None)
(0.001) CREATE TABLE "new__auth_user" ("id" integer NOT NULL PRIMARY KEY AUTOINCREMENT, "password" varchar(128) NOT NULL, "last_login" datetime NULL, "is_superuser" bool NOT NULL, "first_name" varchar(30) NOT NULL, "last_name" varchar(30) NOT NULL, "email" varchar(254) NOT NULL, "is_staff" bool NOT NULL, "is_active" bool NOT NULL, "date_joined" datetime NOT NULL, "username" varchar(150) NOT NULL UNIQUE); args=None; alias=default
INSERT INTO "new__auth_user" ("id", "password", "last_login", "is_superuser", "first_name", "last_name", "email", "is_staff", "is_active", "date_joined", "username") SELECT "id", "password", "last_login", "is_superuser", "first_name", "last_name", "email", "is_staff", "is_active", "date_joined", "username" FROM "auth_user"; (params ())
(0.001) INSERT INTO "new__auth_user" ("id", "password", "last_login", "is_superuser", "first_name", "last_name", "email", "is_staff", "is_active", "date_joined", "username") SELECT "id", "password", "last_login", "is_superuser", "first_name", "last_name", "email", "is_staff", "is_active", "date_joined", "username" FROM "auth_user"; args=(); alias=default
DROP TABLE "auth_user"; (params ())
(0.000) DROP TABLE "auth_user"; args=(); alias=default
ALTER TABLE "new__auth_user" RENAME TO "auth_user"; (params ())
(0.001) ALTER TABLE "new__auth_user" RENAME TO "auth_user"; args=(); alias=default
(0.000) INSERT INTO "django_migrations" ("app", "name", "applied") VALUES ('auth', '0008_alter_user_username_max_length', '2026-03-22 19:51:13.229105') RETURNING "django_migrations"."id"; args=('auth', '0008_alter_user_username_max_length', '2026-03-22 19:51:13.229105'); alias=default
(0.000) PRAGMA foreign_key_check; args=None; alias=default
(0.007) COMMIT; args=None; alias=default
(0.000) PRAGMA foreign_keys = ON; args=None; alias=default
(0.000) PRAGMA foreign_keys = OFF; args=None; alias=default
(0.000) PRAGMA foreign_keys; args=None; alias=default
(0.000) BEGIN; args=None; alias=default
CREATE TABLE "new__auth_user" ("id" integer NOT NULL PRIMARY KEY AUTOINCREMENT, "password" varchar(128) NOT NULL, "last_login" datetime NULL, "is_superuser" bool NOT NULL, "username" varchar(150) NOT NULL UNIQUE, "first_name" varchar(30) NOT NULL, "email" varchar(254) NOT NULL, "is_staff" bool NOT NULL, "is_active" bool NOT NULL, "date_joined" datetime NOT NULL, "last_name" varchar(150) NOT NULL); (params None)
(0.001) CREATE TABLE "new__auth_user" ("id" integer NOT NULL PRIMARY KEY AUTOINCREMENT, "password" varchar(128) NOT NULL, "last_login" datetime NULL, "is_superuser" bool NOT NULL, "username" varchar(150) NOT NULL UNIQUE, "first_name" varchar(30) NOT NULL, "email" varchar(254) NOT NULL, "is_staff" bool NOT NULL, "is_active" bool NOT NULL, "date_joined" datetime NOT NULL, "last_name" varchar(150) NOT NULL); args=None; alias=default
INSERT INTO "new__auth_user" ("id", "password", "last_login", "is_superuser", "username", "first_name", "email", "is_staff", "is_active", "date_joined", "last_name") SELECT "id", "password", "last_login", "is_superuser", "username", "first_name", "email", "is_staff", "is_active", "date_joined", "last_name" FROM "auth_user"; (params ())
(0.000) INSERT INTO "new__auth_user" ("id", "password", "last_login", "is_superuser", "username", "first_name", "email", "is_staff", "is_active", "date_joined", "last_name") SELECT "id", "password", "last_login", "is_superuser", "username", "first_name", "email", "is_staff", "is_active", "date_joined", "last_name" FROM "auth_user"; args=(); alias=default
DROP TABLE "auth_user"; (params ())
(0.000) DROP TABLE "auth_user"; args=(); alias=default
ALTER TABLE "new__auth_user" RENAME TO "auth_user"; (params ())
(0.001) ALTER TABLE "new__auth_user" RENAME TO "auth_user"; args=(); alias=default
(0.000) INSERT INTO "django_migrations" ("app", "name", "applied") VALUES ('auth', '0009_alter_user_last_name_max_length', '2026-03-22 19:51:13.245732') RETURNING "django_migrations"."id"; args=('auth', '0009_alter_user_last_name_max_length', '2026-03-22 19:51:13.245732'); alias=default
(0.000) PRAGMA foreign_key_check; args=None; alias=default
(0.007) COMMIT; args=None; alias=default
(0.000) PRAGMA foreign_keys = ON; args=None; alias=default
(0.000) PRAGMA foreign_keys = OFF; args=None; alias=default
(0.000) PRAGMA foreign_keys; args=None; alias=default
(0.000) BEGIN; args=None; alias=default
CREATE TABLE "new__auth_group" ("id" integer NOT NULL PRIMARY KEY AUTOINCREMENT, "name" varchar(150) NOT NULL UNIQUE); (params None)
(0.001) CREATE TABLE "new__auth_group" ("id" integer NOT NULL PRIMARY KEY AUTOINCREMENT, "name" varchar(150) NOT NULL UNIQUE); args=None; alias=default
INSERT INTO "new__auth_group" ("id", "name") SELECT "id", "name" FROM "auth_group"; (params ())
(0.000) INSERT INTO "new__auth_group" ("id", "name") SELECT "id", "name" FROM "auth_group"; args=(); alias=default
DROP TABLE "auth_group"; (params ())
(0.000) DROP TABLE "auth_group"; args=(); alias=default
ALTER TABLE "new__auth_group" RENAME TO "auth_group"; (params ())
(0.000) ALTER TABLE "new__auth_group" RENAME TO "auth_group"; args=(); alias=default
(0.000) INSERT INTO "django_migrations" ("app", "name", "applied") VALUES ('auth', '0010_alter_group_name_max_length', '2026-03-22 19:51:13.261633') RETURNING "django_migrations"."id"; args=('auth', '0010_alter_group_name_max_length', '2026-03-22 19:51:13.261633'); alias=default
(0.000) PRAGMA foreign_key_check; args=None; alias=default
(0.007) COMMIT; args=None; alias=default
(0.000) PRAGMA foreign_keys = ON; args=None; alias=default
(0.000) PRAGMA foreign_keys = OFF; args=None; alias=default
(0.000) PRAGMA foreign_keys; args=None; alias=default
(0.000) BEGIN; args=None; alias=default
(0.001) INSERT INTO "django_migrations" ("app", "name", "applied") VALUES ('auth', '0011_update_proxy_permissions', '2026-03-22 19:51:13.277461') RETURNING "django_migrations"."id"; args=('auth', '0011_update_proxy_permissions', '2026-03-22 19:51:13.277461'); alias=default
(0.000) PRAGMA foreign_key_check; args=None; alias=default
(0.006) COMMIT; args=None; alias=default
(0.000) PRAGMA foreign_keys = ON; args=None; alias=default
(0.000) PRAGMA foreign_keys = OFF; args=None; alias=default
(0.000) PRAGMA foreign_keys; args=None; alias=default
(0.000) BEGIN; args=None; alias=default
CREATE TABLE "new__auth_user" ("id" integer NOT NULL PRIMARY KEY AUTOINCREMENT, "password" varchar(128) NOT NULL, "last_login" datetime NULL, "is_superuser" bool NOT NULL, "username" varchar(150) NOT NULL UNIQUE, "last_name" varchar(150) NOT NULL, "email" varchar(254) NOT NULL, "is_staff" bool NOT NULL, "is_active" bool NOT NULL, "date_joined" datetime NOT NULL, "first_name" varchar(150) NOT NULL); (params None)
(0.001) CREATE TABLE "new__auth_user" ("id" integer NOT NULL PRIMARY KEY AUTOINCREMENT, "password" varchar(128) NOT NULL, "last_login" datetime NULL, "is_superuser" bool NOT NULL, "username" varchar(150) NOT NULL UNIQUE, "last_name" varchar(150) NOT NULL, "email" varchar(254) NOT NULL, "is_staff" bool NOT NULL, "is_active" bool NOT NULL, "date_joined" datetime NOT NULL, "first_name" varchar(150) NOT NULL); args=None; alias=default
INSERT INTO "new__auth_user" ("id", "password", "last_login", "is_superuser", "username", "last_name", "email", "is_staff", "is_active", "date_joined", "first_name") SELECT "id", "password", "last_login", "is_superuser", "username", "last_name", "email", "is_staff", "is_active", "date_joined", "first_name" FROM "auth_user"; (params ())
(0.000) INSERT INTO "new__auth_user" ("id", "password", "last_login", "is_superuser", "username", "last_name", "email", "is_staff", "is_active", "date_joined", "first_name") SELECT "id", "password", "last_login", "is_superuser", "username", "last_name", "email", "is_staff", "is_active", "date_joined", "first_name" FROM "auth_user"; args=(); alias=default
DROP TABLE "auth_user"; (params ())
(0.000) DROP TABLE "auth_user"; args=(); alias=default
ALTER TABLE "new__auth_user" RENAME TO "auth_user"; (params ())
(0.001) ALTER TABLE "new__auth_user" RENAME TO "auth_user"; args=(); alias=default
(0.000) INSERT INTO "django_migrations" ("app", "name", "applied") VALUES ('auth', '0012_alter_user_first_name_max_length', '2026-03-22 19:51:13.295721') RETURNING "django_migrations"."id"; args=('auth', '0012_alter_user_first_name_max_length', '2026-03-22 19:51:13.295721'); alias=default
(0.000) PRAGMA foreign_key_check; args=None; alias=default
(0.007) COMMIT; args=None; alias=default
(0.000) PRAGMA foreign_keys = ON; args=None; alias=default
(0.000) PRAGMA foreign_keys = OFF; args=None; alias=default
(0.000) PRAGMA foreign_keys; args=None; alias=default
(0.000) BEGIN; args=None; alias=default
CREATE TABLE "myhello_post" ("id" integer NOT NULL PRIMARY KEY AUTOINCREMENT, "title" varchar(100) NOT NULL, "content" text NOT NULL, "photo" varchar(200) NOT NULL, "location" varchar(100) NOT NULL, "created_at" datetime NOT NULL); (params None)
(0.001) CREATE TABLE "myhello_post" ("id" integer NOT NULL PRIMARY KEY AUTOINCREMENT, "title" varchar(100) NOT NULL, "content" text NOT NULL, "photo" varchar(200) NOT NULL, "location" varchar(100) NOT NULL, "created_at" datetime NOT NULL); args=None; alias=default
(0.000) INSERT INTO "django_migrations" ("app", "name", "applied") VALUES ('myhello', '0001_initial', '2026-03-22 19:51:13.306154') RETURNING "django_migrations"."id"; args=('myhello', '0001_initial', '2026-03-22 19:51:13.306154'); alias=default
(0.000) PRAGMA foreign_key_check; args=None; alias=default
(0.007) COMMIT; args=None; alias=default
(0.000) PRAGMA foreign_keys = ON; args=None; alias=default
(0.000) PRAGMA foreign_keys = OFF; args=None; alias=default
(0.000) PRAGMA foreign_keys; args=None; alias=default
(0.000) BEGIN; args=None; alias=default
CREATE TABLE "myhello_user" ("id" integer NOT NULL PRIMARY KEY AUTOINCREMENT, "user_id" varchar(150) NOT NULL, "first_name" varchar(100) NOT NULL, "last_name" varchar(100) NOT NULL, "last_login" datetime NOT NULL, "picture" varchar(2048) NOT NULL); (params None)
(0.001) CREATE TABLE "myhello_user" ("id" integer NOT NULL PRIMARY KEY AUTOINCREMENT, "user_id" varchar(150) NOT NULL, "first_name" varchar(100) NOT NULL, "last_name" varchar(100) NOT NULL, "last_login" datetime NOT NULL, "picture" varchar(2048) NOT NULL); args=None; alias=default
(0.000) INSERT INTO "django_migrations" ("app", "name", "applied") VALUES ('myhello', '0002_user', '2026-03-22 19:51:13.316770') RETURNING "django_migrations"."id"; args=('myhello', '0002_user', '2026-03-22 19:51:13.316770'); alias=default
(0.000) PRAGMA foreign_key_check; args=None; alias=default
(0.007) COMMIT; args=None; alias=default
(0.000) PRAGMA foreign_keys = ON; args=None; alias=default
(0.000) PRAGMA foreign_keys = OFF; args=None; alias=default
(0.000) PRAGMA foreign_keys; args=None; alias=default
(0.000) BEGIN; args=None; alias=default
(0.001) INSERT INTO "django_migrations" ("app", "name", "applied") VALUES ('myhello', '0003_alter_post_location', '2026-03-22 19:51:13.326801') RETURNING "django_migrations"."id"; args=('myhello', '0003_alter_post_location', '2026-03-22 19:51:13.326801'); alias=default
(0.000) PRAGMA foreign_key_check; args=None; alias=default
(0.007) COMMIT; args=None; alias=default
(0.000) PRAGMA foreign_keys = ON; args=None; alias=default
(0.000) PRAGMA foreign_keys = OFF; args=None; alias=default
(0.000) PRAGMA foreign_keys; args=None; alias=default
(0.000) BEGIN; args=None; alias=default
CREATE TABLE "myhello_course" ("id" integer NOT NULL PRIMARY KEY AUTOINCREMENT, "Department" varchar(100) NOT NULL, "CourseTitle" varchar(100) NOT NULL, "Instructor" varchar(100) NOT NULL); (params None)
(0.001) CREATE TABLE "myhello_course" ("id" integer NOT NULL PRIMARY KEY AUTOINCREMENT, "Department" varchar(100) NOT NULL, "CourseTitle" varchar(100) NOT NULL, "Instructor" varchar(100) NOT NULL); args=None; alias=default
(0.000) INSERT INTO "django_migrations" ("app", "name", "applied") VALUES ('myhello', '0004_course', '2026-03-22 19:51:13.338430') RETURNING "django_migrations"."id"; args=('myhello', '0004_course', '2026-03-22 19:51:13.338430'); alias=default
(0.000) PRAGMA foreign_key_check; args=None; alias=default
(0.007) COMMIT; args=None; alias=default
(0.000) PRAGMA foreign_keys = ON; args=None; alias=default
(0.000) PRAGMA foreign_keys = OFF; args=None; alias=default
(0.000) PRAGMA foreign_keys; args=None; alias=default
(0.000) BEGIN; args=None; alias=default
CREATE TABLE "django_session" ("session_key" varchar(40) NOT NULL PRIMARY KEY, "session_data" text NOT NULL, "expire_date" datetime NOT NULL); (params None)
(0.001) CREATE TABLE "django_session" ("session_key" varchar(40) NOT NULL PRIMARY KEY, "session_data" text NOT NULL, "expire_date" datetime NOT NULL); args=None; alias=default
(0.000) PRAGMA foreign_key_check; args=None; alias=default
CREATE INDEX "django_session_expire_date_a5c62663" ON "django_session" ("expire_date"); (params None)
(0.000) CREATE INDEX "django_session_expire_date_a5c62663" ON "django_session" ("expire_date"); args=None; alias=default
(0.007) COMMIT; args=None; alias=default
(0.000) PRAGMA foreign_keys = ON; args=None; alias=default
(0.001) INSERT INTO "django_migrations" ("app", "name", "applied") VALUES ('sessions', '0001_initial', '2026-03-22 19:51:13.357318') RETURNING "django_migrations"."id"; args=('sessions', '0001_initial', '2026-03-22 19:51:13.357318'); alias=default
(0.000) SELECT "django_migrations"."id", "django_migrations"."app", "django_migrations"."name", "django_migrations"."applied" FROM "django_migrations"; args=(); alias=default
(0.000) SELECT "django_content_type"."model" AS "model" FROM "django_content_type" WHERE "django_content_type"."app_label" = 'admin'; args=('admin',); alias=default
(0.001) INSERT INTO "django_content_type" ("app_label", "model") VALUES ('admin', 'logentry') RETURNING "django_content_type"."id"; args=('admin', 'logentry'); alias=default
(0.000) SELECT "django_content_type"."id", "django_content_type"."app_label", "django_content_type"."model" FROM "django_content_type" WHERE ("django_content_type"."app_label" = 'admin' AND "django_content_type"."model" IN ('logentry')); args=('admin', 'logentry'); alias=default
(0.000) SELECT "auth_permission"."content_type_id" AS "content_type", "auth_permission"."codename" AS "codename" FROM "auth_permission" INNER JOIN "django_content_type" ON ("auth_permission"."content_type_id" = "django_content_type"."id") WHERE "auth_permission"."content_type_id" IN (1) ORDER BY "django_content_type"."app_label" ASC, "django_content_type"."model" ASC, 2 ASC; args=(1,); alias=default
(0.001) INSERT INTO "auth_permission" ("name", "content_type_id", "codename") VALUES ('Can add log entry', 1, 'add_logentry'), ('Can change log entry', 1, 'change_logentry'), ('Can delete log entry', 1, 'delete_logentry'), ('Can view log entry', 1, 'view_logentry') RETURNING "auth_permission"."id"; args=('Can add log entry', 1, 'add_logentry', 'Can change log entry', 1, 'change_logentry', 'Can delete log entry', 1, 'delete_logentry', 'Can view log entry', 1, 'view_logentry'); alias=default
(0.000) SELECT "django_content_type"."model" AS "model" FROM "django_content_type" WHERE "django_content_type"."app_label" = 'admin'; args=('admin',); alias=default
(0.000) SELECT "django_content_type"."model" AS "model" FROM "django_content_type" WHERE "django_content_type"."app_label" = 'auth'; args=('auth',); alias=default
(0.001) INSERT INTO "django_content_type" ("app_label", "model") VALUES ('auth', 'group'), ('auth', 'permission'), ('auth', 'user') RETURNING "django_content_type"."id"; args=('auth', 'group', 'auth', 'permission', 'auth', 'user'); alias=default
(0.000) SELECT "django_content_type"."id", "django_content_type"."app_label", "django_content_type"."model" FROM "django_content_type" WHERE ("django_content_type"."app_label" = 'auth' AND "django_content_type"."model" IN ('user', 'permission', 'group')); args=('auth', 'user', 'permission', 'group'); alias=default
(0.000) SELECT "auth_permission"."content_type_id" AS "content_type", "auth_permission"."codename" AS "codename" FROM "auth_permission" INNER JOIN "django_content_type" ON ("auth_permission"."content_type_id" = "django_content_type"."id") WHERE "auth_permission"."content_type_id" IN (2, 3, 4) ORDER BY "django_content_type"."app_label" ASC, "django_content_type"."model" ASC, 2 ASC; args=(2, 3, 4); alias=default
(0.001) INSERT INTO "auth_permission" ("name", "content_type_id", "codename") VALUES ('Can add permission', 3, 'add_permission'), ('Can change permission', 3, 'change_permission'), ('Can delete permission', 3, 'delete_permission'), ('Can view permission', 3, 'view_permission'), ('Can add group', 2, 'add_group'), ('Can change group', 2, 'change_group'), ('Can delete group', 2, 'delete_group'), ('Can view group', 2, 'view_group'), ('Can add user', 4, 'add_user'), ('Can change user', 4, 'change_user'), ('Can delete user', 4, 'delete_user'), ('Can view user', 4, 'view_user') RETURNING "auth_permission"."id"; args=('Can add permission', 3, 'add_permission', 'Can change permission', 3, 'change_permission', 'Can delete permission', 3, 'delete_permission', 'Can view permission', 3, 'view_permission', 'Can add group', 2, 'add_group', 'Can change group', 2, 'change_group', 'Can delete group', 2, 'delete_group', 'Can view group', 2, 'view_group', 'Can add user', 4, 'add_user', 'Can change user', 4, 'change_user', 'Can delete user', 4, 'delete_user', 'Can view user', 4, 'view_user'); alias=default
(0.000) SELECT "django_content_type"."model" AS "model" FROM "django_content_type" WHERE "django_content_type"."app_label" = 'auth'; args=('auth',); alias=default
(0.000) SELECT "django_content_type"."model" AS "model" FROM "django_content_type" WHERE "django_content_type"."app_label" = 'contenttypes'; args=('contenttypes',); alias=default
(0.001) INSERT INTO "django_content_type" ("app_label", "model") VALUES ('contenttypes', 'contenttype') RETURNING "django_content_type"."id"; args=('contenttypes', 'contenttype'); alias=default
(0.000) SELECT "django_content_type"."id", "django_content_type"."app_label", "django_content_type"."model" FROM "django_content_type" WHERE ("django_content_type"."app_label" = 'contenttypes' AND "django_content_type"."model" IN ('contenttype')); args=('contenttypes', 'contenttype'); alias=default
(0.000) SELECT "auth_permission"."content_type_id" AS "content_type", "auth_permission"."codename" AS "codename" FROM "auth_permission" INNER JOIN "django_content_type" ON ("auth_permission"."content_type_id" = "django_content_type"."id") WHERE "auth_permission"."content_type_id" IN (5) ORDER BY "django_content_type"."app_label" ASC, "django_content_type"."model" ASC, 2 ASC; args=(5,); alias=default
(0.001) INSERT INTO "auth_permission" ("name", "content_type_id", "codename") VALUES ('Can add content type', 5, 'add_contenttype'), ('Can change content type', 5, 'change_contenttype'), ('Can delete content type', 5, 'delete_contenttype'), ('Can view content type', 5, 'view_contenttype') RETURNING "auth_permission"."id"; args=('Can add content type', 5, 'add_contenttype', 'Can change content type', 5, 'change_contenttype', 'Can delete content type', 5, 'delete_contenttype', 'Can view content type', 5, 'view_contenttype'); alias=default
(0.000) SELECT "django_content_type"."model" AS "model" FROM "django_content_type" WHERE "django_content_type"."app_label" = 'contenttypes'; args=('contenttypes',); alias=default
(0.000) SELECT "django_content_type"."model" AS "model" FROM "django_content_type" WHERE "django_content_type"."app_label" = 'sessions'; args=('sessions',); alias=default
(0.001) INSERT INTO "django_content_type" ("app_label", "model") VALUES ('sessions', 'session') RETURNING "django_content_type"."id"; args=('sessions', 'session'); alias=default
(0.000) SELECT "django_content_type"."id", "django_content_type"."app_label", "django_content_type"."model" FROM "django_content_type" WHERE ("django_content_type"."app_label" = 'sessions' AND "django_content_type"."model" IN ('session')); args=('sessions', 'session'); alias=default
(0.000) SELECT "auth_permission"."content_type_id" AS "content_type", "auth_permission"."codename" AS "codename" FROM "auth_permission" INNER JOIN "django_content_type" ON ("auth_permission"."content_type_id" = "django_content_type"."id") WHERE "auth_permission"."content_type_id" IN (6) ORDER BY "django_content_type"."app_label" ASC, "django_content_type"."model" ASC, 2 ASC; args=(6,); alias=default
(0.001) INSERT INTO "auth_permission" ("name", "content_type_id", "codename") VALUES ('Can add session', 6, 'add_session'), ('Can change session', 6, 'change_session'), ('Can delete session', 6, 'delete_session'), ('Can view session', 6, 'view_session') RETURNING "auth_permission"."id"; args=('Can add session', 6, 'add_session', 'Can change session', 6, 'change_session', 'Can delete session', 6, 'delete_session', 'Can view session', 6, 'view_session'); alias=default
(0.000) SELECT "django_content_type"."model" AS "model" FROM "django_content_type" WHERE "django_content_type"."app_label" = 'sessions'; args=('sessions',); alias=default
(0.000) SELECT "django_content_type"."model" AS "model" FROM "django_content_type" WHERE "django_content_type"."app_label" = 'myhello'; args=('myhello',); alias=default
(0.001) INSERT INTO "django_content_type" ("app_label", "model") VALUES ('myhello', 'course'), ('myhello', 'post'), ('myhello', 'user') RETURNING "django_content_type"."id"; args=('myhello', 'course', 'myhello', 'post', 'myhello', 'user'); alias=default
(0.000) SELECT "django_content_type"."id", "django_content_type"."app_label", "django_content_type"."model" FROM "django_content_type" WHERE ("django_content_type"."app_label" = 'myhello' AND "django_content_type"."model" IN ('user', 'post', 'course')); args=('myhello', 'user', 'post', 'course'); alias=default
(0.000) SELECT "auth_permission"."content_type_id" AS "content_type", "auth_permission"."codename" AS "codename" FROM "auth_permission" INNER JOIN "django_content_type" ON ("auth_permission"."content_type_id" = "django_content_type"."id") WHERE "auth_permission"."content_type_id" IN (8, 9, 7) ORDER BY "django_content_type"."app_label" ASC, "django_content_type"."model" ASC, 2 ASC; args=(8, 9, 7); alias=default
(0.001) INSERT INTO "auth_permission" ("name", "content_type_id", "codename") VALUES ('Can add post', 8, 'add_post'), ('Can change post', 8, 'change_post'), ('Can delete post', 8, 'delete_post'), ('Can view post', 8, 'view_post'), ('Can add user', 9, 'add_user'), ('Can change user', 9, 'change_user'), ('Can delete user', 9, 'delete_user'), ('Can view user', 9, 'view_user'), ('Can add course', 7, 'add_course'), ('Can change course', 7, 'change_course'), ('Can delete course', 7, 'delete_course'), ('Can view course', 7, 'view_course') RETURNING "auth_permission"."id"; args=('Can add post', 8, 'add_post', 'Can change post', 8, 'change_post', 'Can delete post', 8, 'delete_post', 'Can view post', 8, 'view_post', 'Can add user', 9, 'add_user', 'Can change user', 9, 'change_user', 'Can delete user', 9, 'delete_user', 'Can view user', 9, 'view_user', 'Can add course', 7, 'add_course', 'Can change course', 7, 'change_course', 'Can delete course', 7, 'delete_course', 'Can view course', 7, 'view_course'); alias=default
(0.000) SELECT "django_content_type"."model" AS "model" FROM "django_content_type" WHERE "django_content_type"."app_label" = 'myhello'; args=('myhello',); alias=default
Watching for file changes with StatReloader
Waiting for apps ready_event.
Apps ready_event triggered. Sending autoreload_started signal.
Watching dir C:\Users\user\AppData\Local\Programs\Python\Python314\Lib\site-packages\rest_framework\templates with glob **/*.
Watching dir D:\L\Webp2026-ex0\Webp2026-ex0\HW1\locale with glob **/*.mo.
Watching dir C:\Users\user\AppData\Local\Programs\Python\Python314\Lib\site-packages\rest_framework\locale with glob **/*.mo.
Watching dir D:\L\Webp2026-ex0\Webp2026-ex0\HW1\myhello\locale with glob **/*.mo.
(0.000) 
            SELECT name, type FROM sqlite_master
            WHERE type in ('table', 'view') AND NOT name='sqlite_sequence'
            ORDER BY name; args=None; alias=default
(0.000) SELECT "django_migrations"."id", "django_migrations"."app", "django_migrations"."name", "django_migrations"."applied" FROM "django_migrations"; args=(); alias=default
File C:\Users\user\AppData\Local\Programs\Python\Python314\Lib\site-packages\django\forms\formsets.py first seen with mtime 1764907652.7666383
File C:\Users\user\AppData\Local\Programs\Python\Python314\Lib\inspect.py first seen with mtime 1764929780.0
File C:\Users\user\AppData\Local\Programs\Python\Python314\Lib\asyncio\subprocess.py first seen with mtime 1764929780.0
File C:\Users\user\AppData\Local\Programs\Python\Python314\Lib\site-packages\django\contrib\staticfiles\checks.py first seen with mtime 1764907652.3941574
File C:\Users\user\AppData\Local\Programs\Python\Python314\Lib\site-packages\django\core\cache\utils.py first seen with mtime 1764907652.44024
File C:\Users\user\AppData\Local\Programs\Python\Python314\Lib\site-packages\django\db\migrations\operations\base.py first seen with mtime 1764907652.6934912
File C:\Users\user\AppData\Local\Programs\Python\Python314\Lib\site-packages\django\db\models\lookups.py first seen with mtime 1764907652.7130096
File C:\Users\user\AppData\Local\Programs\Python\Python314\Lib\site-packages\django\utils\duration.py first seen with mtime 1764907653.0409763
File C:\Users\user\AppData\Local\Programs\Python\Python314\Lib\site-packages\django\db\models\functions\window.py first seen with mtime 1764907652.7459502
File C:\Users\user\AppData\Local\Programs\Python\Python314\Lib\site-packages\django\forms\widgets.py first seen with mtime 1764907652.770584
File C:\Users\user\AppData\Local\Programs\Python\Python314\Lib\site-packages\django\contrib\auth\hashers.py first seen with mtime 1764907648.333581
File C:\Users\user\AppData\Local\Programs\Python\Python314\Lib\site-packages\django\core\files\__init__.py first seen with mtime 1764907652.5006359
File C:\Users\user\AppData\Local\Programs\Python\Python314\Lib\site-packages\django\core\files\storage\base.py first seen with mtime 1764907652.5121973
File C:\Users\user\AppData\Local\Programs\Python\Python314\Lib\site-packages\django\views\generic\edit.py first seen with mtime 1764907653.106266
File C:\Users\user\AppData\Local\Programs\Python\Python314\Lib\site-packages\django\db\migrations\utils.py first seen with mtime 1764907652.6904202
File C:\Users\user\AppData\Local\Programs\Python\Python314\Lib\email\generator.py first seen with mtime 1764929780.0
File C:\Users\user\AppData\Local\Programs\Python\Python314\Lib\site-packages\django\contrib\contenttypes\admin.py first seen with mtime 1764907648.7125547
File C:\Users\user\AppData\Local\Programs\Python\Python314\Lib\site-packages\django\db\models\sql\query.py first seen with mtime 1764907652.7531514
File C:\Users\user\AppData\Local\Programs\Python\Python314\Lib\selectors.py first seen with mtime 1764929780.0
File C:\Users\user\AppData\Local\Programs\Python\Python314\Lib\email\headerregistry.py first seen with mtime 1764929780.0
File C:\Users\user\AppData\Local\Programs\Python\Python314\Lib\site-packages\django\contrib\sites\__init__.py first seen with mtime 1764907651.9400396
File C:\Users\user\AppData\Local\Programs\Python\Python314\Lib\encodings\__init__.py first seen with mtime 1764929780.0
File D:\L\Webp2026-ex0\Webp2026-ex0\HW1\myhello\__init__.py first seen with mtime 1774208985.5078707
File C:\Users\user\AppData\Local\Programs\Python\Python314\Lib\site-packages\django\db\migrations\optimizer.py first seen with mtime 1764907652.6843324
File C:\Users\user\AppData\Local\Programs\Python\Python314\Lib\site-packages\django\contrib\staticfiles\handlers.py first seen with mtime 1764907652.3961604
File C:\Users\user\AppData\Local\Programs\Python\Python314\Lib\html\entities.py first seen with mtime 1764929780.0
File C:\Users\user\AppData\Local\Programs\Python\Python314\Lib\site-packages\rest_framework\parsers.py first seen with mtime 1764907697.3079753
File C:\Users\user\AppData\Local\Programs\Python\Python314\Lib\site-packages\django\core\files\storage\handler.py first seen with mtime 1764907652.5151892
File C:\Users\user\AppData\Local\Programs\Python\Python314\Lib\token.py first seen with mtime 1764929780.0
File C:\Users\user\AppData\Local\Programs\Python\Python314\Lib\site-packages\django\utils\asyncio.py first seen with mtime 1764907653.0228524
File C:\Users\user\AppData\Local\Programs\Python\Python314\DLLs\_ctypes.pyd first seen with mtime 1764929858.0
File C:\Users\user\AppData\Local\Programs\Python\Python314\Lib\traceback.py first seen with mtime 1764929782.0
File C:\Users\user\AppData\Local\Programs\Python\Python314\Lib\site-packages\django\core\handlers\exception.py first seen with mtime 1764907652.5231805
File C:\Users\user\AppData\Local\Programs\Python\Python314\Lib\hashlib.py first seen with mtime 1764929780.0
File C:\Users\user\AppData\Local\Programs\Python\Python314\Lib\site-packages\django\db\models\aggregates.py first seen with mtime 1764907652.7004347
File C:\Users\user\AppData\Local\Programs\Python\Python314\Lib\email\mime\base.py first seen with mtime 1764929780.0
File C:\Users\user\AppData\Local\Programs\Python\Python314\Lib\site-packages\django\core\management\utils.py first seen with mtime 1764907652.5483289
File C:\Users\user\AppData\Local\Programs\Python\Python314\Lib\site-packages\django\db\backends\sqlite3\client.py first seen with mtime 1764907652.6643045
File C:\Users\user\AppData\Local\Programs\Python\Python314\Lib\site-packages\django\templatetags\__init__.py first seen with mtime 1764907652.9793181
File C:\Users\user\AppData\Local\Programs\Python\Python314\Lib\re\_constants.py first seen with mtime 1764929780.0
File D:\L\Webp2026-ex0\Webp2026-ex0\HW1\myhello\apps.py first seen with mtime 1773823185.0
File C:\Users\user\AppData\Local\Programs\Python\Python314\Lib\graphlib.py first seen with mtime 1764929780.0
File C:\Users\user\AppData\Local\Programs\Python\Python314\Lib\site-packages\django\contrib\messages\__init__.py first seen with mtime 1764907650.702957
File C:\Users\user\AppData\Local\Programs\Python\Python314\Lib\site-packages\rest_framework\utils\timezone.py first seen with mtime 1764907697.7437327
File C:\Users\user\AppData\Local\Programs\Python\Python314\Lib\ctypes\_layout.py first seen with mtime 1764929780.0
File C:\Users\user\AppData\Local\Programs\Python\Python314\Lib\site-packages\django\core\files\locks.py first seen with mtime 1764907652.5036404
File C:\Users\user\AppData\Local\Programs\Python\Python314\Lib\bisect.py first seen with mtime 1764929780.0
File C:\Users\user\AppData\Local\Programs\Python\Python314\Lib\site-packages\rest_framework\authentication.py first seen with mtime 1764907697.2894228
File C:\Users\user\AppData\Local\Programs\Python\Python314\Lib\asyncio\exceptions.py first seen with mtime 1764929780.0
File C:\Users\user\AppData\Local\Programs\Python\Python314\Lib\site-packages\django\db\backends\base\__init__.py first seen with mtime 1764907652.6020591
File C:\Users\user\AppData\Local\Programs\Python\Python314\Lib\site-packages\django\contrib\admin\checks.py first seen with mtime 1764907647.0227373
File C:\Users\user\AppData\Local\Programs\Python\Python314\Lib\site-packages\django\utils\html.py first seen with mtime 1764907653.0469613
File C:\Users\user\AppData\Local\Programs\Python\Python314\Lib\site-packages\django\utils\log.py first seen with mtime 1764907653.0518951
File C:\Users\user\AppData\Local\Programs\Python\Python314\Lib\wsgiref\util.py first seen with mtime 1764929782.0
File C:\Users\user\AppData\Local\Programs\Python\Python314\Lib\site-packages\django\apps\registry.py first seen with mtime 1764907646.2725663
File C:\Users\user\AppData\Local\Programs\Python\Python314\Lib\signal.py first seen with mtime 1764929780.0
File C:\Users\user\AppData\Local\Programs\Python\Python314\Lib\fractions.py first seen with mtime 1764929780.0
File C:\Users\user\AppData\Local\Programs\Python\Python314\Lib\site-packages\django\core\serializers\python.py first seen with mtime 1764907652.5858107
File C:\Users\user\AppData\Local\Programs\Python\Python314\Lib\site-packages\django\contrib\staticfiles\apps.py first seen with mtime 1764907652.392142
File C:\Users\user\AppData\Local\Programs\Python\Python314\Lib\site-packages\rest_framework\utils\mediatypes.py first seen with mtime 1764907697.7387328
File C:\Users\user\AppData\Local\Programs\Python\Python314\Lib\urllib\parse.py first seen with mtime 1764929782.0
File C:\Users\user\AppData\Local\Programs\Python\Python314\Lib\site-packages\django\contrib\staticfiles\__init__.py first seen with mtime 1764907652.3911436
File C:\Users\user\AppData\Local\Programs\Python\Python314\Lib\site-packages\django\utils\dates.py first seen with mtime 1764907653.038001
File C:\Users\user\AppData\Local\Programs\Python\Python314\Lib\site-packages\django\contrib\staticfiles\finders.py first seen with mtime 1764907652.3961604
File C:\Users\user\AppData\Local\Programs\Python\Python314\Lib\site-packages\django\__init__.py first seen with mtime 1764907646.264442
File C:\Users\user\AppData\Local\Programs\Python\Python314\Lib\site-packages\rest_framework\compat.py first seen with mtime 1764907697.293931
File C:\Users\user\AppData\Local\Programs\Python\Python314\Lib\site-packages\django\core\handlers\asgi.py first seen with mtime 1764907652.5191877
File C:\Users\user\AppData\Local\Programs\Python\Python314\Lib\site-packages\django\core\cache\backends\filebased.py first seen with mtime 1764907652.4484546
File C:\Users\user\AppData\Local\Programs\Python\Python314\Lib\logging\__init__.py first seen with mtime 1764929780.0
File C:\Users\user\AppData\Local\Programs\Python\Python314\Lib\site-packages\sqlparse\filters\__init__.py first seen with mtime 1764907575.4331481
File C:\Users\user\AppData\Local\Programs\Python\Python314\Lib\site-packages\django\db\utils.py first seen with mtime 1764907652.5970638
File C:\Users\user\AppData\Local\Programs\Python\Python314\Lib\random.py first seen with mtime 1764929780.0
File C:\Users\user\AppData\Local\Programs\Python\Python314\Lib\site-packages\django\urls\utils.py first seen with mtime 1764907653.0158162
File C:\Users\user\AppData\Local\Programs\Python\Python314\Lib\site-packages\django\contrib\staticfiles\views.py first seen with mtime 1764907652.4047008
File C:\Users\user\AppData\Local\Programs\Python\Python314\Lib\site-packages\django\core\management\commands\makemigrations.py first seen with mtime 1764907652.5657218
File C:\Users\user\AppData\Local\Programs\Python\Python314\Lib\encodings\_win_cp_codecs.py first seen with mtime 1764929780.0
File C:\Users\user\AppData\Local\Programs\Python\Python314\Lib\site-packages\django\core\files\uploadhandler.py first seen with mtime 1764907652.507174
File C:\Users\user\AppData\Local\Programs\Python\Python314\Lib\site-packages\django\utils\crypto.py first seen with mtime 1764907653.031868
File C:\Users\user\AppData\Local\Programs\Python\Python314\Lib\site-packages\sqlparse\exceptions.py first seen with mtime 1764907575.4201305
File C:\Users\user\AppData\Local\Programs\Python\Python314\Lib\site-packages\django\contrib\auth\admin.py first seen with mtime 1764907648.3205245
File C:\Users\user\AppData\Local\Programs\Python\Python314\Lib\site-packages\django\utils\text.py first seen with mtime 1764907653.061426
File C:\Users\user\AppData\Local\Programs\Python\Python314\Lib\asyncio\coroutines.py first seen with mtime 1764929780.0
File C:\Users\user\AppData\Local\Programs\Python\Python314\Lib\site-packages\sqlparse\engine\__init__.py first seen with mtime 1764907575.4271245
File C:\Users\user\AppData\Local\Programs\Python\Python314\Lib\site-packages\django\views\__init__.py first seen with mtime 1764907653.0775542
File C:\Users\user\AppData\Local\Programs\Python\Python314\Lib\site-packages\django\contrib\admin\views\main.py first seen with mtime 1764907647.9104328
File C:\Users\user\AppData\Local\Programs\Python\Python314\Lib\site-packages\django\utils\translation\trans_real.py first seen with mtime 1764907653.0755544
File C:\Users\user\AppData\Local\Programs\Python\Python314\Lib\site-packages\django\utils\choices.py first seen with mtime 1764907653.02785
File C:\Users\user\AppData\Local\Programs\Python\Python314\Lib\importlib\_abc.py first seen with mtime 1764929780.0
File C:\Users\user\AppData\Local\Programs\Python\Python314\Lib\asyncio\base_subprocess.py first seen with mtime 1764929780.0
File C:\Users\user\AppData\Local\Programs\Python\Python314\Lib\site-packages\django\db\backends\signals.py first seen with mtime 1764907652.5990613
File C:\Users\user\AppData\Local\Programs\Python\Python314\Lib\site-packages\rest_framework\utils\__init__.py first seen with mtime 1764907697.7277367
File D:\L\Webp2026-ex0\Webp2026-ex0\HW1\hello_django\urls.py first seen with mtime 1773823185.0
File C:\Users\user\AppData\Local\Programs\Python\Python314\DLLs\_bz2.pyd first seen with mtime 1764929856.0
File C:\Users\user\AppData\Local\Programs\Python\Python314\Lib\site-packages\django\forms\fields.py first seen with mtime 1764907652.7635777
File C:\Users\user\AppData\Local\Programs\Python\Python314\Lib\site-packages\django\contrib\staticfiles\management\commands\runserver.py first seen with mtime 1764907652.4151778
File C:\Users\user\AppData\Local\Programs\Python\Python314\Lib\site-packages\django\contrib\contenttypes\models.py first seen with mtime 1764907648.7188354
File C:\Users\user\AppData\Local\Programs\Python\Python314\Lib\site-packages\django\core\checks\commands.py first seen with mtime 1764907652.465746
File C:\Users\user\AppData\Local\Programs\Python\Python314\Lib\email\parser.py first seen with mtime 1764929780.0
File C:\Users\user\AppData\Local\Programs\Python\Python314\Lib\pkgutil.py first seen with mtime 1764929780.0
File C:\Users\user\AppData\Local\Programs\Python\Python314\Lib\site-packages\django\core\checks\database.py first seen with mtime 1764907652.4687388
File C:\Users\user\AppData\Local\Programs\Python\Python314\Lib\site-packages\django\db\models\fields\related.py first seen with mtime 1764907652.7300181
File C:\Users\user\AppData\Local\Programs\Python\Python314\Lib\site-packages\rest_framework\response.py first seen with mtime 1764907697.3159697
File C:\Users\user\AppData\Local\Programs\Python\Python314\Lib\site-packages\rest_framework\utils\html.py first seen with mtime 1764907697.734737
File C:\Users\user\AppData\Local\Programs\Python\Python314\Lib\site-packages\django\db\backends\sqlite3\base.py first seen with mtime 1764907652.6633165
File C:\Users\user\AppData\Local\Programs\Python\Python314\Lib\site-packages\django\db\models\sql\where.py first seen with mtime 1764907652.7552116
File C:\Users\user\AppData\Local\Programs\Python\Python314\Lib\dataclasses.py first seen with mtime 1764929780.0
File C:\Users\user\AppData\Local\Programs\Python\Python314\Lib\http\__init__.py first seen with mtime 1764929780.0
File C:\Users\user\AppData\Local\Programs\Python\Python314\Lib\site-packages\django\utils\copy.py first seen with mtime 1764907653.0307705
File C:\Users\user\AppData\Local\Programs\Python\Python314\Lib\site-packages\django\contrib\messages\utils.py first seen with mtime 1764907650.713455
File C:\Users\user\AppData\Local\Programs\Python\Python314\Lib\http\server.py first seen with mtime 1764929780.0
File C:\Users\user\AppData\Local\Programs\Python\Python314\Lib\multiprocessing\reduction.py first seen with mtime 1764929780.0
File C:\Users\user\AppData\Local\Programs\Python\Python314\Lib\asyncio\tasks.py first seen with mtime 1764929780.0
File C:\Users\user\AppData\Local\Programs\Python\Python314\Lib\site-packages\django\core\cache\__init__.py first seen with mtime 1764907652.44024
File C:\Users\user\AppData\Local\Programs\Python\Python314\Lib\email\policy.py first seen with mtime 1764929780.0
File C:\Users\user\AppData\Local\Programs\Python\Python314\Lib\site-packages\django\db\models\utils.py first seen with mtime 1764907652.7190254
File C:\Users\user\AppData\Local\Programs\Python\Python314\Lib\socket.py first seen with mtime 1764929780.0
File C:\Users\user\AppData\Local\Programs\Python\Python314\Lib\asyncio\base_tasks.py first seen with mtime 1764929780.0
File C:\Users\user\AppData\Local\Programs\Python\Python314\Lib\asyncio\locks.py first seen with mtime 1764929780.0
File C:\Users\user\AppData\Local\Programs\Python\Python314\Lib\email\feedparser.py first seen with mtime 1764929780.0
File C:\Users\user\AppData\Local\Programs\Python\Python314\Lib\site-packages\django\db\models\indexes.py first seen with mtime 1764907652.7099502
File C:\Users\user\AppData\Local\Programs\Python\Python314\Lib\site-packages\django\utils\dateparse.py first seen with mtime 1764907653.0367684
File C:\Users\user\AppData\Local\Programs\Python\Python314\Lib\site-packages\sqlparse\cli.py first seen with mtime 1764907575.4191265
File C:\Users\user\AppData\Local\Programs\Python\Python314\Lib\site-packages\django\db\migrations\exceptions.py first seen with mtime 1764907652.6763084
File D:\L\Webp2026-ex0\Webp2026-ex0\HW1\hello_django\__init__.py first seen with mtime 1773823185.0
File C:\Users\user\AppData\Local\Programs\Python\Python314\DLLs\unicodedata.pyd first seen with mtime 1764929858.0
File C:\Users\user\AppData\Local\Programs\Python\Python314\Lib\site-packages\django\contrib\admin\templatetags\admin_modify.py first seen with mtime 1764907647.8992941
File C:\Users\user\AppData\Local\Programs\Python\Python314\Lib\site-packages\django\core\checks\files.py first seen with mtime 1764907652.4707358
File C:\Users\user\AppData\Local\Programs\Python\Python314\Lib\getpass.py first seen with mtime 1764929780.0
File C:\Users\user\AppData\Local\Programs\Python\Python314\Lib\site-packages\django\contrib\admin\templatetags\admin_urls.py first seen with mtime 1764907647.9002829
File C:\Users\user\AppData\Local\Programs\Python\Python314\Lib\site-packages\rest_framework\schemas\__init__.py first seen with mtime 1764907697.5257294
File C:\Users\user\AppData\Local\Programs\Python\Python314\Lib\compression\_common\__init__.py first seen with mtime 1764929780.0
File C:\Users\user\AppData\Local\Programs\Python\Python314\Lib\site-packages\django\template\loaders\app_directories.py first seen with mtime 1764907652.9737723
File C:\Users\user\AppData\Local\Programs\Python\Python314\Lib\site-packages\django\core\handlers\wsgi.py first seen with mtime 1764907652.5241725
File C:\Users\user\AppData\Local\Programs\Python\Python314\Lib\asyncio\runners.py first seen with mtime 1764929780.0
File C:\Users\user\AppData\Local\Programs\Python\Python314\Lib\site-packages\django\contrib\auth\signals.py first seen with mtime 1764907648.3395886
File C:\Users\user\AppData\Local\Programs\Python\Python314\Lib\asyncio\selector_events.py first seen with mtime 1764929780.0
File C:\Users\user\AppData\Local\Programs\Python\Python314\Lib\site-packages\django\contrib\sessions\middleware.py first seen with mtime 1764907651.505641
File C:\Users\user\AppData\Local\Programs\Python\Python314\Lib\site-packages\django\db\models\signals.py first seen with mtime 1764907652.7190254
File C:\Users\user\AppData\Local\Programs\Python\Python314\Lib\site-packages\django\conf\global_settings.py first seen with mtime 1764907646.2765965
File C:\Users\user\AppData\Local\Programs\Python\Python314\Lib\decimal.py first seen with mtime 1764929780.0
File C:\Users\user\AppData\Local\Programs\Python\Python314\Lib\site-packages\django\contrib\auth\base_user.py first seen with mtime 1764907648.3245244
File C:\Users\user\AppData\Local\Programs\Python\Python314\Lib\multiprocessing\process.py first seen with mtime 1764929780.0
File C:\Users\user\AppData\Local\Programs\Python\Python314\Lib\__future__.py first seen with mtime 1764929780.0
File C:\Users\user\AppData\Local\Programs\Python\Python314\Lib\encodings\aliases.py first seen with mtime 1764929780.0
File C:\Users\user\AppData\Local\Programs\Python\Python314\Lib\site-packages\django\utils\timesince.py first seen with mtime 1764907653.0625017
File C:\Users\user\AppData\Local\Programs\Python\Python314\Lib\site-packages\django\contrib\messages\api.py first seen with mtime 1764907650.7053022
File C:\Users\user\AppData\Local\Programs\Python\Python314\Lib\wsgiref\headers.py first seen with mtime 1764929782.0
File C:\Users\user\AppData\Local\Programs\Python\Python314\Lib\site-packages\django\db\models\query.py first seen with mtime 1764907652.7169566
File C:\Users\user\AppData\Local\Programs\Python\Python314\Lib\uuid.py first seen with mtime 1764929782.0
File C:\Users\user\AppData\Local\Programs\Python\Python314\Lib\site-packages\django\middleware\clickjacking.py first seen with mtime 1764907652.907714
File C:\Users\user\AppData\Local\Programs\Python\Python314\Lib\site-packages\django\db\backends\base\operations.py first seen with mtime 1764907652.6082423
File C:\Users\user\AppData\Local\Programs\Python\Python314\Lib\site-packages\django\middleware\security.py first seen with mtime 1764907652.9197092
File C:\Users\user\AppData\Local\Programs\Python\Python314\Lib\site-packages\django\db\models\sql\constants.py first seen with mtime 1764907652.7490046
File C:\Users\user\AppData\Local\Programs\Python\Python314\Lib\json\scanner.py first seen with mtime 1764929780.0
File C:\Users\user\AppData\Local\Programs\Python\Python314\Lib\site-packages\django\http\multipartparser.py first seen with mtime 1764907652.9009676
File D:\L\Webp2026-ex0\Webp2026-ex0\HW1\myhello\urls.py first seen with mtime 1774205907.4925022
File C:\Users\user\AppData\Local\Programs\Python\Python314\Lib\site-packages\django\contrib\admin\actions.py first seen with mtime 1764907647.0186396
File C:\Users\user\AppData\Local\Programs\Python\Python314\Lib\site-packages\rest_framework\checks.py first seen with mtime 1764907697.2914207
File C:\Users\user\AppData\Local\Programs\Python\Python314\Lib\site-packages\django\template\base.py first seen with mtime 1764907652.9447255
File C:\Users\user\AppData\Local\Programs\Python\Python314\Lib\email\mime\message.py first seen with mtime 1764929780.0
File C:\Users\user\AppData\Local\Programs\Python\Python314\Lib\site-packages\django\contrib\messages\storage\base.py first seen with mtime 1764907650.7184527
File C:\Users\user\AppData\Local\Programs\Python\Python314\Lib\site-packages\django\db\migrations\migration.py first seen with mtime 1764907652.6824172
File C:\Users\user\AppData\Local\Programs\Python\Python314\Lib\functools.py first seen with mtime 1764929780.0
File C:\Users\user\AppData\Local\Programs\Python\Python314\Lib\site-packages\django\contrib\auth\decorators.py first seen with mtime 1764907648.330579
File C:\Users\user\AppData\Local\Programs\Python\Python314\Lib\site-packages\django\dispatch\__init__.py first seen with mtime 1764907652.7572176
File C:\Users\user\AppData\Local\Programs\Python\Python314\Lib\site-packages\rest_framework\utils\model_meta.py first seen with mtime 1764907697.7397356
File C:\Users\user\AppData\Local\Programs\Python\Python314\Lib\site-packages\django\db\models\__init__.py first seen with mtime 1764907652.699445
File C:\Users\user\AppData\Local\Programs\Python\Python314\Lib\asyncio\queues.py first seen with mtime 1764929780.0
File C:\Users\user\AppData\Local\Programs\Python\Python314\Lib\site-packages\django\core\files\uploadedfile.py first seen with mtime 1764907652.507174
File C:\Users\user\AppData\Local\Programs\Python\Python314\Lib\site-packages\django\utils\autoreload.py first seen with mtime 1764907653.024772
File C:\Users\user\AppData\Local\Programs\Python\Python314\Lib\site-packages\django\utils\encoding.py first seen with mtime 1764907653.0419152
File C:\Users\user\AppData\Local\Programs\Python\Python314\Lib\re\_parser.py first seen with mtime 1764929780.0
File C:\Users\user\AppData\Local\Programs\Python\Python314\Lib\site-packages\django\urls\__init__.py first seen with mtime 1764907653.0084486
File C:\Users\user\AppData\Local\Programs\Python\Python314\Lib\ipaddress.py first seen with mtime 1764929780.0
File C:\Users\user\AppData\Local\Programs\Python\Python314\Lib\site-packages\django\contrib\postgres\__init__.py first seen with mtime 1764907650.722256
File C:\Users\user\AppData\Local\Programs\Python\Python314\Lib\encodings\cp950.py first seen with mtime 1764929780.0
File C:\Users\user\AppData\Local\Programs\Python\Python314\Lib\site-packages\django\utils\tree.py first seen with mtime 1764907653.0634491
File C:\Users\user\AppData\Local\Programs\Python\Python314\Lib\weakref.py first seen with mtime 1764929782.0
File C:\Users\user\AppData\Local\Programs\Python\Python314\Lib\site-packages\django\db\backends\base\features.py first seen with mtime 1764907652.605046
File C:\Users\user\AppData\Local\Programs\Python\Python314\DLLs\_hashlib.pyd first seen with mtime 1764929856.0
File C:\Users\user\AppData\Local\Programs\Python\Python314\Lib\site-packages\django\db\models\functions\datetime.py first seen with mtime 1764907652.7380402
File C:\Users\user\AppData\Local\Programs\Python\Python314\Lib\site-packages\django\template\defaultfilters.py first seen with mtime 1764907652.949823
File C:\Users\user\AppData\Local\Programs\Python\Python314\Lib\site-packages\django\contrib\auth\apps.py first seen with mtime 1764907648.323527
File C:\Users\user\AppData\Local\Programs\Python\Python314\Lib\site-packages\django\core\checks\templates.py first seen with mtime 1764907652.476748
File C:\Users\user\AppData\Local\Programs\Python\Python314\Lib\site-packages\django\contrib\admin\helpers.py first seen with mtime 1764907647.034634
File C:\Users\user\AppData\Local\Programs\Python\Python314\Lib\site-packages\django\db\backends\base\schema.py first seen with mtime 1764907652.6092436
File C:\Users\user\AppData\Local\Programs\Python\Python314\Lib\site-packages\django\template\__init__.py first seen with mtime 1764907652.941895
File C:\Users\user\AppData\Local\Programs\Python\Python314\Lib\site-packages\django\db\models\fields\reverse_related.py first seen with mtime 1764907652.7320728
File C:\Users\user\AppData\Local\Programs\Python\Python314\Lib\site-packages\django\db\migrations\operations\special.py first seen with mtime 1764907652.698421
File C:\Users\user\AppData\Local\Programs\Python\Python314\Lib\email\_encoded_words.py first seen with mtime 1764929780.0
File C:\Users\user\AppData\Local\Programs\Python\Python314\Lib\concurrent\__init__.py first seen with mtime 1764929780.0
File C:\Users\user\AppData\Local\Programs\Python\Python314\Lib\site-packages\django\db\backends\sqlite3\_functions.py first seen with mtime 1764907652.662324
File C:\Users\user\AppData\Local\Programs\Python\Python314\Lib\site-packages\django\db\models\query_utils.py first seen with mtime 1764907652.7179523
File C:\Users\user\AppData\Local\Programs\Python\Python314\Lib\site-packages\rest_framework\utils\encoders.py first seen with mtime 1764907697.7317374
File C:\Users\user\AppData\Local\Programs\Python\Python314\Lib\site-packages\rest_framework\mixins.py first seen with mtime 1764907697.3039746
File C:\Users\user\AppData\Local\Programs\Python\Python314\Lib\site-packages\django\template\defaulttags.py first seen with mtime 1764907652.9517128
File C:\Users\user\AppData\Local\Programs\Python\Python314\Lib\site-packages\django\utils\connection.py first seen with mtime 1764907653.0288463
File C:\Users\user\AppData\Local\Programs\Python\Python314\Lib\site-packages\django\template\autoreload.py first seen with mtime 1764907652.9428616
File C:\Users\user\AppData\Local\Programs\Python\Python314\Lib\site-packages\django\db\backends\sqlite3\features.py first seen with mtime 1764907652.6683416
File C:\Users\user\AppData\Local\Programs\Python\Python314\Lib\asyncio\sslproto.py first seen with mtime 1764929780.0
File C:\Users\user\AppData\Local\Programs\Python\Python314\DLLs\_asyncio.pyd first seen with mtime 1764929856.0
File C:\Users\user\AppData\Local\Programs\Python\Python314\Lib\site-packages\django\contrib\admin\filters.py first seen with mtime 1764907647.0326364
File C:\Users\user\AppData\Local\Programs\Python\Python314\Lib\site-packages\django\template\engine.py first seen with mtime 1764907652.9538982
File C:\Users\user\AppData\Local\Programs\Python\Python314\Lib\site-packages\asgiref\sync.py first seen with mtime 1764907645.4987147
File C:\Users\user\AppData\Local\Programs\Python\Python314\Lib\site-packages\django\utils\deprecation.py first seen with mtime 1764907653.0399854
File C:\Users\user\AppData\Local\Programs\Python\Python314\Lib\site-packages\django\contrib\admin\templatetags\log.py first seen with mtime 1764907647.9022121
File C:\Users\user\AppData\Local\Programs\Python\Python314\Lib\site-packages\django\templatetags\cache.py first seen with mtime 1764907652.9816847
File C:\Users\user\AppData\Local\Programs\Python\Python314\Lib\site-packages\django\db\migrations\questioner.py first seen with mtime 1764907652.6864135
File C:\Users\user\AppData\Local\Programs\Python\Python314\Lib\site-packages\asgiref\local.py first seen with mtime 1764907645.492056
File C:\Users\user\AppData\Local\Programs\Python\Python314\Lib\site-packages\django\core\servers\basehttp.py first seen with mtime 1764907652.5930493
File C:\Users\user\AppData\Local\Programs\Python\Python314\Lib\site-packages\django\views\generic\base.py first seen with mtime 1764907653.1046534
File C:\Users\user\AppData\Local\Programs\Python\Python314\Lib\html\__init__.py first seen with mtime 1764929780.0
File C:\Users\user\AppData\Local\Programs\Python\Python314\Lib\asyncio\events.py first seen with mtime 1764929780.0
File C:\Users\user\AppData\Local\Programs\Python\Python314\Lib\site-packages\django\core\files\storage\memory.py first seen with mtime 1764907652.5161753
File C:\Users\user\AppData\Local\Programs\Python\Python314\Lib\site-packages\django\core\checks\urls.py first seen with mtime 1764907652.4827693
File D:\L\Webp2026-ex0\Webp2026-ex0\HW1\hello_django\settings.py first seen with mtime 1774205904.6633189
File C:\Users\user\AppData\Local\Programs\Python\Python314\DLLs\_socket.pyd first seen with mtime 1764929856.0
File C:\Users\user\AppData\Local\Programs\Python\Python314\DLLs\_zstd.pyd first seen with mtime 1764929858.0
File C:\Users\user\AppData\Local\Programs\Python\Python314\Lib\concurrent\futures\__init__.py first seen with mtime 1764929780.0
File C:\Users\user\AppData\Local\Programs\Python\Python314\Lib\site-packages\django\contrib\staticfiles\management\__init__.py first seen with mtime 1764907652.407126
File C:\Users\user\AppData\Local\Programs\Python\Python314\Lib\site-packages\django\views\generic\list.py first seen with mtime 1764907653.1074533
File C:\Users\user\AppData\Local\Programs\Python\Python314\Lib\asyncio\base_events.py first seen with mtime 1764929780.0
File C:\Users\user\AppData\Local\Programs\Python\Python314\Lib\site-packages\django\core\mail\__init__.py first seen with mtime 1764907652.5261726
File C:\Users\user\AppData\Local\Programs\Python\Python314\Lib\urllib\error.py first seen with mtime 1764929782.0
File C:\Users\user\AppData\Local\Programs\Python\Python314\Lib\site-packages\django\db\models\fields\tuple_lookups.py first seen with mtime 1764907652.7339475
File C:\Users\user\AppData\Local\Programs\Python\Python314\Lib\site-packages\django\contrib\sessions\apps.py first seen with mtime 1764907651.4994192
File C:\Users\user\AppData\Local\Programs\Python\Python314\Lib\site-packages\django\urls\conf.py first seen with mtime 1764907653.0104473
File C:\Users\user\AppData\Local\Programs\Python\Python314\Lib\site-packages\django\apps\config.py first seen with mtime 1764907646.271416
File C:\Users\user\AppData\Local\Programs\Python\Python314\Lib\site-packages\django\core\files\utils.py first seen with mtime 1764907652.5091856
File C:\Users\user\AppData\Local\Programs\Python\Python314\Lib\site-packages\django\templatetags\tz.py first seen with mtime 1764907652.987704
File C:\Users\user\AppData\Local\Programs\Python\Python314\Lib\site-packages\django\db\models\fields\composite.py first seen with mtime 1764907652.7229576
File C:\Users\user\AppData\Local\Programs\Python\Python314\Lib\site-packages\rest_framework\decorators.py first seen with mtime 1764907697.2959697
File C:\Users\user\AppData\Local\Programs\Python\Python314\Lib\site-packages\django\core\serializers\base.py first seen with mtime 1764907652.5837834
File C:\Users\user\AppData\Local\Programs\Python\Python314\Lib\site-packages\django\db\models\fields\mixins.py first seen with mtime 1764907652.726953
File C:\Users\user\AppData\Local\Programs\Python\Python314\Lib\opcode.py first seen with mtime 1764929780.0
File C:\Users\user\AppData\Local\Programs\Python\Python314\Lib\site-packages\rest_framework\negotiation.py first seen with mtime 1764907697.3049817
File C:\Users\user\AppData\Local\Programs\Python\Python314\Lib\compression\zstd\_zstdfile.py first seen with mtime 1764929780.0
File C:\Users\user\AppData\Local\Programs\Python\Python314\Lib\zoneinfo\__init__.py first seen with mtime 1764929782.0
File C:\Users\user\AppData\Local\Programs\Python\Python314\Lib\site-packages\django\db\models\functions\math.py first seen with mtime 1764907652.7419517
File C:\Users\user\AppData\Local\Programs\Python\Python314\Lib\site-packages\django\core\files\move.py first seen with mtime 1764907652.5051541
File C:\Users\user\AppData\Local\Programs\Python\Python314\Lib\enum.py first seen with mtime 1764929780.0
File C:\Users\user\AppData\Local\Programs\Python\Python314\Lib\site-packages\asgiref\__init__.py first seen with mtime 1764907645.487067
File C:\Users\user\AppData\Local\Programs\Python\Python314\Lib\site-packages\django\db\models\fields\json.py first seen with mtime 1764907652.725953
File C:\Users\user\AppData\Local\Programs\Python\Python314\Lib\json\__init__.py first seen with mtime 1764929780.0
File C:\Users\user\AppData\Local\Programs\Python\Python314\Lib\site-packages\django\contrib\messages\constants.py first seen with mtime 1764907650.7072854
File D:\L\Webp2026-ex0\Webp2026-ex0\HW1\myhello\models.py first seen with mtime 1774205907.4925022
File C:\Users\user\AppData\Local\Programs\Python\Python314\Lib\linecache.py first seen with mtime 1764929780.0
File C:\Users\user\AppData\Local\Programs\Python\Python314\Lib\site-packages\django\core\checks\security\__init__.py first seen with mtime 1764907652.492097
File C:\Users\user\AppData\Local\Programs\Python\Python314\Lib\site-packages\django\db\backends\base\introspection.py first seen with mtime 1764907652.6072698
File C:\Users\user\AppData\Local\Programs\Python\Python314\Lib\site-packages\django\contrib\auth\management\__init__.py first seen with mtime 1764907648.6843724
File C:\Users\user\AppData\Local\Programs\Python\Python314\Lib\site-packages\django\core\serializers\__init__.py first seen with mtime 1764907652.5827806
File C:\Users\user\AppData\Local\Programs\Python\Python314\Lib\site-packages\django\contrib\sessions\backends\base.py first seen with mtime 1764907651.5176294
File C:\Users\user\AppData\Local\Programs\Python\Python314\Lib\_weakrefset.py first seen with mtime 1764929780.0
File C:\Users\user\AppData\Local\Programs\Python\Python314\Lib\site-packages\django\contrib\auth\tokens.py first seen with mtime 1764907648.3407004
File C:\Users\user\AppData\Local\Programs\Python\Python314\Lib\site-packages\django\core\checks\model_checks.py first seen with mtime 1764907652.4747634
File C:\Users\user\AppData\Local\Programs\Python\Python314\Lib\site-packages\rest_framework\schemas\coreapi.py first seen with mtime 1764907697.5277274
File C:\Users\user\AppData\Local\Programs\Python\Python314\Lib\site-packages\django\views\decorators\debug.py first seen with mtime 1764907653.098632
File C:\Users\user\AppData\Local\Programs\Python\Python314\Lib\site-packages\django\contrib\admin\views\decorators.py first seen with mtime 1764907647.9073567
File C:\Users\user\AppData\Local\Programs\Python\Python314\Lib\_py_warnings.py first seen with mtime 1764929780.0
File C:\Users\user\AppData\Local\Programs\Python\Python314\Lib\site-packages\django\contrib\auth\backends.py first seen with mtime 1764907648.3245244
File C:\Users\user\AppData\Local\Programs\Python\Python314\Lib\site-packages\django\middleware\__init__.py first seen with mtime 1764907652.9056928
File C:\Users\user\AppData\Local\Programs\Python\Python314\Lib\site-packages\rest_framework\utils\serializer_helpers.py first seen with mtime 1764907697.7417326
File C:\Users\user\AppData\Local\Programs\Python\Python314\Lib\site-packages\django\contrib\auth\validators.py first seen with mtime 1764907648.342652
File C:\Users\user\AppData\Local\Programs\Python\Python314\Lib\site-packages\django\db\backends\base\validation.py first seen with mtime 1764907652.6102438
File C:\Users\user\AppData\Local\Programs\Python\Python314\Lib\site-packages\rest_framework\templatetags\__init__.py first seen with mtime 1764907697.7247365
File C:\Users\user\AppData\Local\Programs\Python\Python314\Lib\site-packages\django\conf\__init__.py first seen with mtime 1764907646.2756016
File C:\Users\user\AppData\Local\Programs\Python\Python314\Lib\site-packages\django\core\cache\backends\locmem.py first seen with mtime 1764907652.4514637
File C:\Users\user\AppData\Local\Programs\Python\Python314\Lib\site-packages\django\utils\functional.py first seen with mtime 1764907653.0450196
File C:\Users\user\AppData\Local\Programs\Python\Python314\Lib\site-packages\django\template\context.py first seen with mtime 1764907652.9479
File C:\Users\user\AppData\Local\Programs\Python\Python314\Lib\site-packages\rest_framework\fields.py first seen with mtime 1764907697.2989707
File C:\Users\user\AppData\Local\Programs\Python\Python314\Lib\site-packages\django\db\models\manager.py first seen with mtime 1764907652.7139513
File C:\Users\user\AppData\Local\Programs\Python\Python314\Lib\site-packages\rest_framework\settings.py first seen with mtime 1764907697.320973
File C:\Users\user\AppData\Local\Programs\Python\Python314\Lib\gzip.py first seen with mtime 1764929780.0
File C:\Users\user\AppData\Local\Programs\Python\Python314\Lib\shutil.py first seen with mtime 1764929780.0
File C:\Users\user\AppData\Local\Programs\Python\Python314\Lib\site-packages\sqlparse\lexer.py first seen with mtime 1764907575.4221148
File C:\Users\user\AppData\Local\Programs\Python\Python314\Lib\ssl.py first seen with mtime 1764929780.0
File C:\Users\user\AppData\Local\Programs\Python\Python314\Lib\urllib\__init__.py first seen with mtime 1764929782.0
File C:\Users\user\AppData\Local\Programs\Python\Python314\Lib\site-packages\django\core\paginator.py first seen with mtime 1764907652.429144
File C:\Users\user\AppData\Local\Programs\Python\Python314\Lib\email\_header_value_parser.py first seen with mtime 1764929780.0
File C:\Users\user\AppData\Local\Programs\Python\Python314\Lib\site-packages\django\views\i18n.py first seen with mtime 1764907653.083652
File C:\Users\user\AppData\Local\Programs\Python\Python314\Lib\site-packages\django\utils\__init__.py first seen with mtime 1764907653.0168426
File C:\Users\user\AppData\Local\Programs\Python\Python314\Lib\types.py first seen with mtime 1764929782.0
File C:\Users\user\AppData\Local\Programs\Python\Python314\Lib\base64.py first seen with mtime 1764929780.0
File C:\Users\user\AppData\Local\Programs\Python\Python314\Lib\site-packages\django\contrib\auth\checks.py first seen with mtime 1764907648.326522
File C:\Users\user\AppData\Local\Programs\Python\Python314\Lib\site-packages\django\contrib\admin\__init__.py first seen with mtime 1764907647.016718
File C:\Users\user\AppData\Local\Programs\Python\Python314\Lib\logging\handlers.py first seen with mtime 1764929780.0
File C:\Users\user\AppData\Local\Programs\Python\Python314\Lib\site-packages\django\template\loaders\base.py first seen with mtime 1764907652.974716
File C:\Users\user\AppData\Local\Programs\Python\Python314\Lib\site-packages\django\db\migrations\__init__.py first seen with mtime 1764907652.67431
File C:\Users\user\AppData\Local\Programs\Python\Python314\Lib\site-packages\django\dispatch\dispatcher.py first seen with mtime 1764907652.7585156
File C:\Users\user\AppData\Local\Programs\Python\Python314\Lib\site-packages\django\contrib\admin\templatetags\admin_list.py first seen with mtime 1764907647.8992941
File C:\Users\user\AppData\Local\Programs\Python\Python314\Lib\pathlib\__init__.py first seen with mtime 1764929780.0
File C:\Users\user\AppData\Local\Programs\Python\Python314\Lib\site-packages\django\db\backends\sqlite3\operations.py first seen with mtime 1764907652.6703181
File C:\Users\user\AppData\Local\Programs\Python\Python314\Lib\site-packages\django\core\checks\security\sessions.py first seen with mtime 1764907652.4986658
File C:\Users\user\AppData\Local\Programs\Python\Python314\DLLs\select.pyd first seen with mtime 1764929854.0
File C:\Users\user\AppData\Local\Programs\Python\Python314\Lib\lzma.py first seen with mtime 1764929780.0
File C:\Users\user\AppData\Local\Programs\Python\Python314\Lib\argparse.py first seen with mtime 1764929780.0
File C:\Users\user\AppData\Local\Programs\Python\Python314\Lib\re\_casefix.py first seen with mtime 1764929780.0
File C:\Users\user\AppData\Local\Programs\Python\Python314\Lib\hmac.py first seen with mtime 1764929780.0
File C:\Users\user\AppData\Local\Programs\Python\Python314\Lib\codeop.py first seen with mtime 1764929780.0
File C:\Users\user\AppData\Local\Programs\Python\Python314\Lib\site-packages\rest_framework\schemas\utils.py first seen with mtime 1764907697.5337307
File C:\Users\user\AppData\Local\Programs\Python\Python314\Lib\_markupbase.py first seen with mtime 1764929780.0
File C:\Users\user\AppData\Local\Programs\Python\Python314\Lib\site-packages\rest_framework\templatetags\rest_framework.py first seen with mtime 1764907697.7267346
File C:\Users\user\AppData\Local\Programs\Python\Python314\Lib\ast.py first seen with mtime 1764929780.0
File C:\Users\user\AppData\Local\Programs\Python\Python314\Lib\difflib.py first seen with mtime 1764929780.0
File D:\L\Webp2026-ex0\Webp2026-ex0\HW1\myhello\admin.py first seen with mtime 1773823185.0
File C:\Users\user\AppData\Local\Programs\Python\Python314\Lib\logging\config.py first seen with mtime 1764929780.0
File C:\Users\user\AppData\Local\Programs\Python\Python314\Lib\ctypes\wintypes.py first seen with mtime 1764929780.0
File C:\Users\user\AppData\Local\Programs\Python\Python314\Lib\site-packages\django\views\generic\__init__.py first seen with mtime 1764907653.1036446
File C:\Users\user\AppData\Local\Programs\Python\Python314\Lib\site-packages\django\core\files\temp.py first seen with mtime 1764907652.5061738
File C:\Users\user\AppData\Local\Programs\Python\Python314\Lib\site-packages\django\views\decorators\cache.py first seen with mtime 1764907653.090555
File C:\Users\user\AppData\Local\Programs\Python\Python314\Lib\heapq.py first seen with mtime 1764929780.0
File C:\Users\user\AppData\Local\Programs\Python\Python314\Lib\site-packages\rest_framework\reverse.py first seen with mtime 1764907697.3169708
File C:\Users\user\AppData\Local\Programs\Python\Python314\Lib\bz2.py first seen with mtime 1764929780.0
File C:\Users\user\AppData\Local\Programs\Python\Python314\Lib\site-packages\django\db\migrations\operations\__init__.py first seen with mtime 1764907652.6934912
File C:\Users\user\AppData\Local\Programs\Python\Python314\Lib\site-packages\django\core\handlers\__init__.py first seen with mtime 1764907652.5181708
File C:\Users\user\AppData\Local\Programs\Python\Python314\Lib\_colorize.py first seen with mtime 1764929780.0
File C:\Users\user\AppData\Local\Programs\Python\Python314\Lib\site-packages\django\core\checks\messages.py first seen with mtime 1764907652.4717507
File C:\Users\user\AppData\Local\Programs\Python\Python314\Lib\site-packages\django\urls\base.py first seen with mtime 1764907653.009446
File C:\Users\user\AppData\Local\Programs\Python\Python314\Lib\copyreg.py first seen with mtime 1764929780.0
File C:\Users\user\AppData\Local\Programs\Python\Python314\Lib\site-packages\django\contrib\auth\templatetags\__init__.py first seen with mtime 1764907648.707523
File C:\Users\user\AppData\Local\Programs\Python\Python314\Lib\secrets.py first seen with mtime 1764929780.0
File C:\Users\user\AppData\Local\Programs\Python\Python314\Lib\site-packages\django\core\mail\utils.py first seen with mtime 1764907652.5291858
File C:\Users\user\AppData\Local\Programs\Python\Python314\Lib\site-packages\django\utils\safestring.py first seen with mtime 1764907653.0589864
File C:\Users\user\AppData\Local\Programs\Python\Python314\Lib\site-packages\django\contrib\messages\apps.py first seen with mtime 1764907650.706331
File C:\Users\user\AppData\Local\Programs\Python\Python314\Lib\site-packages\django\utils\inspect.py first seen with mtime 1764907653.0488493
File C:\Users\user\AppData\Local\Programs\Python\Python314\Lib\email\mime\__init__.py first seen with mtime 1764929780.0
File C:\Users\user\AppData\Local\Programs\Python\Python314\Lib\site-packages\django\templatetags\l10n.py first seen with mtime 1764907652.9847054
File C:\Users\user\AppData\Local\Programs\Python\Python314\Lib\site-packages\django\utils\numberformat.py first seen with mtime 1764907653.0569866
File C:\Users\user\AppData\Local\Programs\Python\Python314\Lib\site-packages\django\core\handlers\base.py first seen with mtime 1764907652.5211725
File C:\Users\user\AppData\Local\Programs\Python\Python314\Lib\typing.py first seen with mtime 1764929782.0
File C:\Users\user\AppData\Local\Programs\Python\Python314\Lib\site-packages\django\contrib\auth\models.py first seen with mtime 1764907648.3366885
File C:\Users\user\AppData\Local\Programs\Python\Python314\Lib\multiprocessing\context.py first seen with mtime 1764929780.0
File C:\Users\user\AppData\Local\Programs\Python\Python314\Lib\site-packages\django\forms\models.py first seen with mtime 1764907652.767611
File C:\Users\user\AppData\Local\Programs\Python\Python314\Lib\site-packages\django\db\backends\sqlite3\creation.py first seen with mtime 1764907652.6663034
File C:\Users\user\AppData\Local\Programs\Python\Python314\Lib\site-packages\django\db\models\constants.py first seen with mtime 1764907652.7034178
File C:\Users\user\AppData\Local\Programs\Python\Python314\Lib\site-packages\django\db\models\sql\__init__.py first seen with mtime 1764907652.74702
File C:\Users\user\AppData\Local\Programs\Python\Python314\Lib\site-packages\django\core\wsgi.py first seen with mtime 1764907652.4382398
File C:\Users\user\AppData\Local\Programs\Python\Python314\Lib\asyncio\threads.py first seen with mtime 1764929780.0
File C:\Users\user\AppData\Local\Programs\Python\Python314\Lib\email\iterators.py first seen with mtime 1764929780.0
File C:\Users\user\AppData\Local\Programs\Python\Python314\Lib\re\__init__.py first seen with mtime 1764929780.0
File C:\Users\user\AppData\Local\Programs\Python\Python314\Lib\site-packages\rest_framework\utils\breadcrumbs.py first seen with mtime 1764907697.729738
File C:\Users\user\AppData\Local\Programs\Python\Python314\Lib\site-packages\rest_framework\status.py first seen with mtime 1764907697.3219745
File C:\Users\user\AppData\Local\Programs\Python\Python314\Lib\compression\_common\_streams.py first seen with mtime 1764929780.0
File C:\Users\user\AppData\Local\Programs\Python\Python314\Lib\site-packages\django\forms\utils.py first seen with mtime 1764907652.7685354
File C:\Users\user\AppData\Local\Programs\Python\Python314\Lib\site-packages\django\contrib\admin\views\__init__.py first seen with mtime 1764907647.9033425
File C:\Users\user\AppData\Local\Programs\Python\Python314\Lib\site-packages\django\db\migrations\operations\fields.py first seen with mtime 1764907652.6945002
File C:\Users\user\AppData\Local\Programs\Python\Python314\Lib\fnmatch.py first seen with mtime 1764929780.0
File C:\Users\user\AppData\Local\Programs\Python\Python314\Lib\site-packages\rest_framework\utils\json.py first seen with mtime 1764907697.7377336
File C:\Users\user\AppData\Local\Programs\Python\Python314\Lib\site-packages\sqlparse\filters\output.py first seen with mtime 1764907575.4360769
File C:\Users\user\AppData\Local\Programs\Python\Python314\Lib\queue.py first seen with mtime 1764929780.0
File C:\Users\user\AppData\Local\Programs\Python\Python314\Lib\site-packages\django\http\cookie.py first seen with mtime 1764907652.8999698
File C:\Users\user\AppData\Local\Programs\Python\Python314\Lib\wsgiref\__init__.py first seen with mtime 1764929782.0
File C:\Users\user\AppData\Local\Programs\Python\Python314\Lib\site-packages\django\contrib\sessions\models.py first seen with mtime 1764907651.5066433
File C:\Users\user\AppData\Local\Programs\Python\Python314\Lib\asyncio\format_helpers.py first seen with mtime 1764929780.0
File C:\Users\user\AppData\Local\Programs\Python\Python314\Lib\reprlib.py first seen with mtime 1764929780.0
File C:\Users\user\AppData\Local\Programs\Python\Python314\Lib\site-packages\django\db\models\functions\mixins.py first seen with mtime 1764907652.7430806
File C:\Users\user\AppData\Local\Programs\Python\Python314\Lib\asyncio\constants.py first seen with mtime 1764929780.0
File C:\Users\user\AppData\Local\Programs\Python\Python314\Lib\site-packages\django\db\models\fields\__init__.py first seen with mtime 1764907652.722041
File C:\Users\user\AppData\Local\Programs\Python\Python314\Lib\site-packages\django\template\loader_tags.py first seen with mtime 1764907652.9597855
File C:\Users\user\AppData\Local\Programs\Python\Python314\Lib\importlib\__init__.py first seen with mtime 1764929780.0
File C:\Users\user\AppData\Local\Programs\Python\Python314\Lib\site-packages\django\core\files\storage\mixins.py first seen with mtime 1764907652.5172024
File C:\Users\user\AppData\Local\Programs\Python\Python314\Lib\site-packages\django\utils\deconstruct.py first seen with mtime 1764907653.038854
File C:\Users\user\AppData\Local\Programs\Python\Python314\Lib\operator.py first seen with mtime 1764929780.0
File C:\Users\user\AppData\Local\Programs\Python\Python314\Lib\site-packages\django\core\exceptions.py first seen with mtime 1764907652.4281466
File C:\Users\user\AppData\Local\Programs\Python\Python314\Lib\site-packages\django\utils\datastructures.py first seen with mtime 1764907653.033844
File C:\Users\user\AppData\Local\Programs\Python\Python314\Lib\site-packages\django\db\backends\base\base.py first seen with mtime 1764907652.603073
File C:\Users\user\AppData\Local\Programs\Python\Python314\Lib\statistics.py first seen with mtime 1764929780.0
File C:\Users\user\AppData\Local\Programs\Python\Python314\Lib\email\__init__.py first seen with mtime 1764929780.0
File C:\Users\user\AppData\Local\Programs\Python\Python314\Lib\site-packages\django\contrib\admin\views\autocomplete.py first seen with mtime 1764907647.905434
File C:\Users\user\AppData\Local\Programs\Python\Python314\Lib\email\base64mime.py first seen with mtime 1764929780.0
File C:\Users\user\AppData\Local\Programs\Python\Python314\Lib\asyncio\trsock.py first seen with mtime 1764929780.0
File C:\Users\user\AppData\Local\Programs\Python\Python314\DLLs\_ssl.pyd first seen with mtime 1764929858.0
File C:\Users\user\AppData\Local\Programs\Python\Python314\Lib\urllib\request.py first seen with mtime 1764929782.0
File C:\Users\user\AppData\Local\Programs\Python\Python314\Lib\asyncio\taskgroups.py first seen with mtime 1764929780.0
File C:\Users\user\AppData\Local\Programs\Python\Python314\Lib\site-packages\django\core\files\storage\__init__.py first seen with mtime 1764907652.5121973
File C:\Users\user\AppData\Local\Programs\Python\Python314\Lib\site-packages\django\contrib\contenttypes\__init__.py first seen with mtime 1764907648.7115374
File C:\Users\user\AppData\Local\Programs\Python\Python314\Lib\site-packages\django\db\backends\__init__.py first seen with mtime 1764907652.5970638
File C:\Users\user\AppData\Local\Programs\Python\Python314\Lib\site-packages\django\utils\_os.py first seen with mtime 1764907653.01879
File C:\Users\user\AppData\Local\Programs\Python\Python314\Lib\site-packages\django\core\checks\compatibility\__init__.py first seen with mtime 1764907652.4847634
File C:\Users\user\AppData\Local\Programs\Python\Python314\Lib\site-packages\django\template\backends\django.py first seen with mtime 1764907652.967763
File C:\Users\user\AppData\Local\Programs\Python\Python314\Lib\warnings.py first seen with mtime 1764929782.0
File C:\Users\user\AppData\Local\Programs\Python\Python314\Lib\site-packages\django\template\exceptions.py first seen with mtime 1764907652.9548655
File C:\Users\user\AppData\Local\Programs\Python\Python314\Lib\site-packages\asgiref\current_thread_executor.py first seen with mtime 1764907645.488967
File C:\Users\user\AppData\Local\Programs\Python\Python314\Lib\site-packages\django\contrib\staticfiles\management\commands\__init__.py first seen with mtime 1764907652.4091406
File C:\Users\user\AppData\Local\Programs\Python\Python314\Lib\site-packages\django\templatetags\static.py first seen with mtime 1764907652.9857144
File C:\Users\user\AppData\Local\Programs\Python\Python314\Lib\asyncio\windows_events.py first seen with mtime 1764929780.0
File C:\Users\user\AppData\Local\Programs\Python\Python314\Lib\site-packages\django\utils\translation\__init__.py first seen with mtime 1764907653.0685437
File C:\Users\user\AppData\Local\Programs\Python\Python314\Lib\site-packages\django\templatetags\i18n.py first seen with mtime 1764907652.9837656
File C:\Users\user\AppData\Local\Programs\Python\Python314\Lib\site-packages\django\db\models\sql\subqueries.py first seen with mtime 1764907652.7541423
File C:\Users\user\AppData\Local\Programs\Python\Python314\Lib\mimetypes.py first seen with mtime 1764929780.0
File C:\Users\user\AppData\Local\Programs\Python\Python314\DLLs\_uuid.pyd first seen with mtime 1764929856.0
File C:\Users\user\AppData\Local\Programs\Python\Python314\Lib\site-packages\django\db\migrations\operations\models.py first seen with mtime 1764907652.69642
File C:\Users\user\AppData\Local\Programs\Python\Python314\Lib\encodings\utf_8.py first seen with mtime 1764929780.0
File C:\Users\user\AppData\Local\Programs\Python\Python314\Lib\site-packages\rest_framework\schemas\openapi.py first seen with mtime 1764907697.5337307
File C:\Users\user\AppData\Local\Programs\Python\Python314\Lib\_compat_pickle.py first seen with mtime 1764929780.0
File C:\Users\user\AppData\Local\Programs\Python\Python314\Lib\site-packages\django\contrib\contenttypes\apps.py first seen with mtime 1764907648.7125547
File C:\Users\user\AppData\Local\Programs\Python\Python314\Lib\site-packages\sqlparse\filters\tokens.py first seen with mtime 1764907575.43808
File C:\Users\user\AppData\Local\Programs\Python\Python314\Lib\asyncio\protocols.py first seen with mtime 1764929780.0
File C:\Users\user\AppData\Local\Programs\Python\Python314\Lib\site-packages\django\db\models\functions\text.py first seen with mtime 1764907652.7440343
File C:\Users\user\AppData\Local\Programs\Python\Python314\Lib\site-packages\rest_framework\renderers.py first seen with mtime 1764907697.3109753
File C:\Users\user\AppData\Local\Programs\Python\Python314\Lib\site-packages\django\core\management\base.py first seen with mtime 1764907652.542258
File C:\Users\user\AppData\Local\Programs\Python\Python314\Lib\html\parser.py first seen with mtime 1764929780.0
File C:\Users\user\AppData\Local\Programs\Python\Python314\Lib\locale.py first seen with mtime 1764929780.0
File C:\Users\user\AppData\Local\Programs\Python\Python314\Lib\site-packages\django\contrib\admin\decorators.py first seen with mtime 1764907647.0267382
File C:\Users\user\AppData\Local\Programs\Python\Python314\Lib\site-packages\django\forms\boundfield.py first seen with mtime 1764907652.7616594
File C:\Users\user\AppData\Local\Programs\Python\Python314\Lib\asyncio\transports.py first seen with mtime 1764929780.0
File C:\Users\user\AppData\Local\Programs\Python\Python314\Lib\site-packages\django\core\checks\registry.py first seen with mtime 1764907652.476748
File C:\Users\user\AppData\Local\Programs\Python\Python314\Lib\site-packages\django\template\backends\base.py first seen with mtime 1764907652.9667761
File C:\Users\user\AppData\Local\Programs\Python\Python314\Lib\site-packages\rest_framework\metadata.py first seen with mtime 1764907697.3029733
File C:\Users\user\AppData\Local\Programs\Python\Python314\Lib\site-packages\sqlparse\engine\statement_splitter.py first seen with mtime 1764907575.4321282
File C:\Users\user\AppData\Local\Programs\Python\Python314\Lib\calendar.py first seen with mtime 1764929780.0
File C:\Users\user\AppData\Local\Programs\Python\Python314\Lib\site-packages\rest_framework\validators.py first seen with mtime 1764907697.327971
File C:\Users\user\AppData\Local\Programs\Python\Python314\DLLs\_overlapped.pyd first seen with mtime 1764929856.0
File C:\Users\user\AppData\Local\Programs\Python\Python314\Lib\compression\__init__.py first seen with mtime 1764929780.0
File C:\Users\user\AppData\Local\Programs\Python\Python314\Lib\site-packages\rest_framework\utils\representation.py first seen with mtime 1764907697.7407339
File C:\Users\user\AppData\Local\Programs\Python\Python314\Lib\site-packages\django\utils\module_loading.py first seen with mtime 1764907653.0529077
File C:\Users\user\AppData\Local\Programs\Python\Python314\Lib\email\mime\text.py first seen with mtime 1764929780.0
File C:\Users\user\AppData\Local\Programs\Python\Python314\Lib\site-packages\django\db\models\fields\related_descriptors.py first seen with mtime 1764907652.731027
File C:\Users\user\AppData\Local\Programs\Python\Python314\Lib\site-packages\django\views\decorators\common.py first seen with mtime 1764907653.0936382
File C:\Users\user\AppData\Local\Programs\Python\Python314\Lib\site-packages\django\core\files\storage\filesystem.py first seen with mtime 1764907652.5131888
File C:\Users\user\AppData\Local\Programs\Python\Python314\Lib\site-packages\django\contrib\auth\templatetags\auth.py first seen with mtime 1764907648.7084708
File C:\Users\user\AppData\Local\Programs\Python\Python314\Lib\site-packages\django\middleware\csrf.py first seen with mtime 1764907652.912779
File C:\Users\user\AppData\Local\Programs\Python\Python314\Lib\asyncio\staggered.py first seen with mtime 1764929780.0
File C:\Users\user\AppData\Local\Programs\Python\Python314\Lib\site-packages\django\db\migrations\autodetector.py first seen with mtime 1764907652.6753094
File C:\Users\user\AppData\Local\Programs\Python\Python314\Lib\site-packages\rest_framework\request.py first seen with mtime 1764907697.3149724
File C:\Users\user\AppData\Local\Programs\Python\Python314\Lib\gettext.py first seen with mtime 1764929780.0
File C:\Users\user\AppData\Local\Programs\Python\Python314\Lib\ctypes\__init__.py first seen with mtime 1764929780.0
File C:\Users\user\AppData\Local\Programs\Python\Python314\Lib\site-packages\django\db\models\constraints.py first seen with mtime 1764907652.7049325
File C:\Users\user\AppData\Local\Programs\Python\Python314\Lib\site-packages\django\contrib\admin\utils.py first seen with mtime 1764907647.041631
File C:\Users\user\AppData\Local\Programs\Python\Python314\Lib\site-packages\django\urls\exceptions.py first seen with mtime 1764907653.0137517
File C:\Users\user\AppData\Local\Programs\Python\Python314\Lib\site-packages\django\views\debug.py first seen with mtime 1764907653.0816321
File C:\Users\user\AppData\Local\Programs\Python\Python314\Lib\http\cookies.py first seen with mtime 1764929780.0
File C:\Users\user\AppData\Local\Programs\Python\Python314\Lib\site-packages\sqlparse\keywords.py first seen with mtime 1764907575.4211247
File C:\Users\user\AppData\Local\Programs\Python\Python314\Lib\site-packages\django\apps\__init__.py first seen with mtime 1764907646.270416
File C:\Users\user\AppData\Local\Programs\Python\Python314\Lib\site-packages\django\contrib\admindocs\views.py first seen with mtime 1764907647.918418
File C:\Users\user\AppData\Local\Programs\Python\Python314\Lib\site-packages\django\contrib\auth\forms.py first seen with mtime 1764907648.3315778
File C:\Users\user\AppData\Local\Programs\Python\Python314\Lib\site-packages\django\db\backends\ddl_references.py first seen with mtime 1764907652.5980613
File C:\Users\user\AppData\Local\Programs\Python\Python314\Lib\asyncio\timeouts.py first seen with mtime 1764929780.0
File C:\Users\user\AppData\Local\Programs\Python\Python314\Lib\email\encoders.py first seen with mtime 1764929780.0
File C:\Users\user\AppData\Local\Programs\Python\Python314\Lib\site-packages\django\contrib\auth\__init__.py first seen with mtime 1764907648.3195264
File C:\Users\user\AppData\Local\Programs\Python\Python314\Lib\site-packages\django\template\utils.py first seen with mtime 1764907652.9647956
File C:\Users\user\AppData\Local\Programs\Python\Python314\Lib\struct.py first seen with mtime 1764929780.0
File C:\Users\user\AppData\Local\Programs\Python\Python314\Lib\site-packages\django\views\decorators\__init__.py first seen with mtime 1764907653.0886273
File C:\Users\user\AppData\Local\Programs\Python\Python314\Lib\site-packages\django\db\backends\sqlite3\introspection.py first seen with mtime 1764907652.6693182
File C:\Users\user\AppData\Local\Programs\Python\Python314\Lib\site-packages\django\contrib\admindocs\__init__.py first seen with mtime 1764907647.911512
File C:\Users\user\AppData\Local\Programs\Python\Python314\Lib\site-packages\sqlparse\__init__.py first seen with mtime 1764907575.416159
File C:\Users\user\AppData\Local\Programs\Python\Python314\Lib\site-packages\rest_framework\serializers.py first seen with mtime 1764907697.3199751
File C:\Users\user\AppData\Local\Programs\Python\Python314\Lib\string\__init__.py first seen with mtime 1764929780.0
File C:\Users\user\AppData\Local\Programs\Python\Python314\Lib\site-packages\django\contrib\messages\middleware.py first seen with mtime 1764907650.7114444
File C:\Users\user\AppData\Local\Programs\Python\Python314\Lib\site-packages\django\contrib\admin\templatetags\base.py first seen with mtime 1764907647.9013758
File C:\Users\user\AppData\Local\Programs\Python\Python314\Lib\site-packages\django\urls\resolvers.py first seen with mtime 1764907653.0147705
File C:\Users\user\AppData\Local\Programs\Python\Python314\Lib\site-packages\django\template\loaders\filesystem.py first seen with mtime 1764907652.9783275
File C:\Users\user\AppData\Local\Programs\Python\Python314\Lib\platform.py first seen with mtime 1764929780.0
File C:\Users\user\AppData\Local\Programs\Python\Python314\Lib\json\encoder.py first seen with mtime 1764929780.0
File C:\Users\user\AppData\Local\Programs\Python\Python314\Lib\site-packages\django\core\files\images.py first seen with mtime 1764907652.5026429
File C:\Users\user\AppData\Local\Programs\Python\Python314\Lib\site-packages\django\core\__init__.py first seen with mtime 1764907652.4231522
File C:\Users\user\AppData\Local\Programs\Python\Python314\Lib\site-packages\rest_framework\schemas\generators.py first seen with mtime 1764907697.5287316
File C:\Users\user\AppData\Local\Programs\Python\Python314\Lib\site-packages\django\contrib\admin\options.py first seen with mtime 1764907647.0387106
File C:\Users\user\AppData\Local\Programs\Python\Python314\Lib\asyncio\streams.py first seen with mtime 1764929780.0
File C:\Users\user\AppData\Local\Programs\Python\Python314\Lib\compression\zstd\__init__.py first seen with mtime 1764929780.0
File C:\Users\user\AppData\Local\Programs\Python\Python314\Lib\site-packages\rest_framework\utils\field_mapping.py first seen with mtime 1764907697.732738
File C:\Users\user\AppData\Local\Programs\Python\Python314\Lib\site-packages\rest_framework\utils\formatting.py first seen with mtime 1764907697.7337375
File C:\Users\user\AppData\Local\Programs\Python\Python314\Lib\site-packages\django\contrib\admin\models.py first seen with mtime 1764907647.0377448
File C:\Users\user\AppData\Local\Programs\Python\Python314\Lib\site-packages\django\db\migrations\graph.py first seen with mtime 1764907652.681418
File C:\Users\user\AppData\Local\Programs\Python\Python314\Lib\site-packages\django\db\__init__.py first seen with mtime 1764907652.5940504
File C:\Users\user\AppData\Local\Programs\Python\Python314\Lib\site-packages\rest_framework\relations.py first seen with mtime 1764907697.3099759
File C:\Users\user\AppData\Local\Programs\Python\Python314\Lib\pickle.py first seen with mtime 1764929780.0
File C:\Users\user\AppData\Local\Programs\Python\Python314\Lib\site-packages\django\db\backends\base\creation.py first seen with mtime 1764907652.6040585
File C:\Users\user\AppData\Local\Programs\Python\Python314\Lib\site-packages\django\utils\ipv6.py first seen with mtime 1764907653.0498474
File C:\Users\user\AppData\Local\Programs\Python\Python314\Lib\site-packages\django\contrib\auth\views.py first seen with mtime 1764907648.3437207
File C:\Users\user\AppData\Local\Programs\Python\Python314\Lib\site-packages\django\template\library.py first seen with mtime 1764907652.9558725
File C:\Users\user\AppData\Local\Programs\Python\Python314\Lib\site-packages\django\utils\http.py first seen with mtime 1764907653.047851
File C:\Users\user\AppData\Local\Programs\Python\Python314\Lib\site-packages\django\contrib\contenttypes\checks.py first seen with mtime 1764907648.7135513
File C:\Users\user\AppData\Local\Programs\Python\Python314\Lib\site-packages\django\db\migrations\loader.py first seen with mtime 1764907652.6824172
File C:\Users\user\AppData\Local\Programs\Python\Python314\Lib\site-packages\django\contrib\__init__.py first seen with mtime 1764907647.014709
File C:\Users\user\AppData\Local\Programs\Python\Python314\Lib\asyncio\base_futures.py first seen with mtime 1764929780.0
File C:\Users\user\AppData\Local\Programs\Python\Python314\Lib\site-packages\django\urls\converters.py first seen with mtime 1764907653.0114574
File C:\Users\user\AppData\Local\Programs\Python\Python314\Lib\site-packages\django\utils\termcolors.py first seen with mtime 1764907653.0599368
File C:\Users\user\AppData\Local\Programs\Python\Python314\Lib\site-packages\django\contrib\sites\shortcuts.py first seen with mtime 1764907651.949047
File C:\Users\user\AppData\Local\Programs\Python\Python314\Lib\site-packages\sqlparse\filters\right_margin.py first seen with mtime 1764907575.43808
File C:\Users\user\AppData\Local\Programs\Python\Python314\Lib\socketserver.py first seen with mtime 1764929780.0
File C:\Users\user\AppData\Local\Programs\Python\Python314\Lib\site-packages\django\contrib\sessions\backends\__init__.py first seen with mtime 1764907651.5106285
File C:\Users\user\AppData\Local\Programs\Python\Python314\DLLs\_lzma.pyd first seen with mtime 1764929858.0
File C:\Users\user\AppData\Local\Programs\Python\Python314\Lib\site-packages\django\contrib\admin\apps.py first seen with mtime 1764907647.0207143
File C:\Users\user\AppData\Local\Programs\Python\Python314\Lib\site-packages\django\core\signals.py first seen with mtime 1764907652.4312656
File C:\Users\user\AppData\Local\Programs\Python\Python314\Lib\site-packages\sqlparse\utils.py first seen with mtime 1764907575.426132
File C:\Users\user\AppData\Local\Programs\Python\Python314\DLLs\_zoneinfo.pyd first seen with mtime 1764929856.0
File C:\Users\user\AppData\Local\Programs\Python\Python314\Lib\threading.py first seen with mtime 1764929780.0
File C:\Users\user\AppData\Local\Programs\Python\Python314\Lib\site-packages\django\core\validators.py first seen with mtime 1764907652.4362435
File C:\Users\user\AppData\Local\Programs\Python\Python314\Lib\wsgiref\simple_server.py first seen with mtime 1764929782.0
File C:\Users\user\AppData\Local\Programs\Python\Python314\DLLs\_queue.pyd first seen with mtime 1764929856.0
File C:\Users\user\AppData\Local\Programs\Python\Python314\Lib\site-packages\django\http\__init__.py first seen with mtime 1764907652.8989708
File C:\Users\user\AppData\Local\Programs\Python\Python314\Lib\site-packages\django\core\checks\translation.py first seen with mtime 1764907652.479784
File C:\Users\user\AppData\Local\Programs\Python\Python314\Lib\site-packages\sqlparse\engine\grouping.py first seen with mtime 1764907575.430147
File C:\Users\user\AppData\Local\Programs\Python\Python314\Lib\site-packages\sqlparse\formatter.py first seen with mtime 1764907575.4201305
File C:\Users\user\AppData\Local\Programs\Python\Python314\Lib\site-packages\django\db\models\functions\comparison.py first seen with mtime 1764907652.7370358
File C:\Users\user\AppData\Local\Programs\Python\Python314\DLLs\_decimal.pyd first seen with mtime 1764929858.0
File C:\Users\user\AppData\Local\Programs\Python\Python314\Lib\site-packages\django\utils\formats.py first seen with mtime 1764907653.0438757
File C:\Users\user\AppData\Local\Programs\Python\Python314\Lib\site-packages\sqlparse\engine\filter_stack.py first seen with mtime 1764907575.4281342
File C:\Users\user\AppData\Local\Programs\Python\Python314\Lib\subprocess.py first seen with mtime 1764929780.0
File C:\Users\user\AppData\Local\Programs\Python\Python314\Lib\asyncio\log.py first seen with mtime 1764929780.0
File C:\Users\user\AppData\Local\Programs\Python\Python314\Lib\site-packages\django\contrib\sessions\__init__.py first seen with mtime 1764907651.4973562
File C:\Users\user\AppData\Local\Programs\Python\Python314\Lib\multiprocessing\__init__.py first seen with mtime 1764929780.0
File C:\Users\user\AppData\Local\Programs\Python\Python314\Lib\site-packages\django\contrib\sessions\exceptions.py first seen with mtime 1764907651.5023766
File C:\Users\user\AppData\Local\Programs\Python\Python314\Lib\site-packages\django\template\loaders\__init__.py first seen with mtime 1764907652.9727714
File C:\Users\user\AppData\Local\Programs\Python\Python314\Lib\site-packages\django\shortcuts.py first seen with mtime 1764907646.2684278
File C:\Users\user\AppData\Local\Programs\Python\Python314\Lib\pprint.py first seen with mtime 1764929780.0
File C:\Users\user\AppData\Local\Programs\Python\Python314\Lib\site-packages\django\contrib\staticfiles\utils.py first seen with mtime 1764907652.4021616
File C:\Users\user\AppData\Local\Programs\Python\Python314\Lib\keyword.py first seen with mtime 1764929780.0
File C:\Users\user\AppData\Local\Programs\Python\Python314\Lib\quopri.py first seen with mtime 1764929780.0
File C:\Users\user\AppData\Local\Programs\Python\Python314\Lib\zoneinfo\_common.py first seen with mtime 1764929782.0
File C:\Users\user\AppData\Local\Programs\Python\Python314\Lib\site-packages\django\template\response.py first seen with mtime 1764907652.9608383
File C:\Users\user\AppData\Local\Programs\Python\Python314\Lib\site-packages\django\db\models\fields\related_lookups.py first seen with mtime 1764907652.731027
File C:\Users\user\AppData\Local\Programs\Python\Python314\Lib\site-packages\django\utils\lorem_ipsum.py first seen with mtime 1764907653.0529077
File C:\Users\user\AppData\Local\Programs\Python\Python314\DLLs\_wmi.pyd first seen with mtime 1764929856.0
File C:\Users\user\AppData\Local\Programs\Python\Python314\Lib\site-packages\django\db\backends\sqlite3\__init__.py first seen with mtime 1764907652.661328
File C:\Users\user\AppData\Local\Programs\Python\Python314\Lib\site-packages\django\db\transaction.py first seen with mtime 1764907652.596068
File C:\Users\user\AppData\Local\Programs\Python\Python314\Lib\email\charset.py first seen with mtime 1764929780.0
File C:\Users\user\AppData\Local\Programs\Python\Python314\Lib\site-packages\django\core\files\base.py first seen with mtime 1764907652.5016482
File C:\Users\user\AppData\Local\Programs\Python\Python314\Lib\site-packages\django\core\management\__init__.py first seen with mtime 1764907652.539194
File C:\Users\user\AppData\Local\Programs\Python\Python314\Lib\concurrent\futures\thread.py first seen with mtime 1764929780.0
File C:\Users\user\AppData\Local\Programs\Python\Python314\Lib\site-packages\django\core\mail\message.py first seen with mtime 1764907652.527183
File C:\Users\user\AppData\Local\Programs\Python\Python314\Lib\site-packages\django\db\models\options.py first seen with mtime 1764907652.7149498
File C:\Users\user\AppData\Local\Programs\Python\Python314\Lib\site-packages\django\template\backends\__init__.py first seen with mtime 1764907652.9657989
File C:\Users\user\AppData\Local\Programs\Python\Python314\Lib\site-packages\django\contrib\admin\sites.py first seen with mtime 1764907647.0397005
File C:\Users\user\AppData\Local\Programs\Python\Python314\Lib\json\decoder.py first seen with mtime 1764929780.0
File C:\Users\user\AppData\Local\Programs\Python\Python314\Lib\site-packages\django\http\request.py first seen with mtime 1764907652.9019725
File C:\Users\user\AppData\Local\Programs\Python\Python314\Lib\site-packages\django\db\models\fields\proxy.py first seen with mtime 1764907652.7290678
File C:\Users\user\AppData\Local\Programs\Python\Python314\Lib\textwrap.py first seen with mtime 1764929780.0
File C:\Users\user\AppData\Local\Programs\Python\Python314\Lib\site-packages\django\views\static.py first seen with mtime 1764907653.085546
File C:\Users\user\AppData\Local\Programs\Python\Python314\Lib\site-packages\django\utils\cache.py first seen with mtime 1764907653.026936
File C:\Users\user\AppData\Local\Programs\Python\Python314\Lib\sysconfig\__init__.py first seen with mtime 1764929780.0
File C:\Users\user\AppData\Local\Programs\Python\Python314\Lib\site-packages\django\forms\forms.py first seen with mtime 1764907652.7646384
File C:\Users\user\AppData\Local\Programs\Python\Python314\Lib\site-packages\django\db\models\fields\generated.py first seen with mtime 1764907652.7249546
File C:\Users\user\AppData\Local\Programs\Python\Python314\Lib\site-packages\django\contrib\contenttypes\fields.py first seen with mtime 1764907648.715559
File C:\Users\user\AppData\Local\Programs\Python\Python314\Lib\asyncio\windows_utils.py first seen with mtime 1764929780.0
File C:\Users\user\AppData\Local\Programs\Python\Python314\Lib\site-packages\django\contrib\contenttypes\forms.py first seen with mtime 1764907648.7178433
File C:\Users\user\AppData\Local\Programs\Python\Python314\Lib\site-packages\django\forms\__init__.py first seen with mtime 1764907652.7606814
File C:\Users\user\AppData\Local\Programs\Python\Python314\Lib\site-packages\django\utils\translation\reloader.py first seen with mtime 1764907653.0705466
File C:\Users\user\AppData\Local\Programs\Python\Python314\Lib\site-packages\django\core\signing.py first seen with mtime 1764907652.43327
File C:\Users\user\AppData\Local\Programs\Python\Python314\Lib\site-packages\django\contrib\admin\widgets.py first seen with mtime 1764907647.0432346
File C:\Users\user\AppData\Local\Programs\Python\Python314\DLLs\_sqlite3.pyd first seen with mtime 1764929856.0
File C:\Users\user\AppData\Local\Programs\Python\Python314\Lib\site-packages\django\db\backends\sqlite3\schema.py first seen with mtime 1764907652.6713152
File C:\Users\user\AppData\Local\Programs\Python\Python314\Lib\site-packages\django\middleware\common.py first seen with mtime 1764907652.9097192
File C:\Users\user\AppData\Local\Programs\Python\Python314\Lib\email\message.py first seen with mtime 1764929780.0
File C:\Users\user\AppData\Local\Programs\Python\Python314\Lib\site-packages\sqlparse\filters\others.py first seen with mtime 1764907575.4350505
File C:\Users\user\AppData\Local\Programs\Python\Python314\Lib\site-packages\django\views\generic\dates.py first seen with mtime 1764907653.1046534
File D:\L\Webp2026-ex0\Webp2026-ex0\HW1\manage.py first seen with mtime 1773823185.0
File C:\Users\user\AppData\Local\Programs\Python\Python314\Lib\numbers.py first seen with mtime 1764929780.0
File C:\Users\user\AppData\Local\Programs\Python\Python314\Lib\asyncio\__init__.py first seen with mtime 1764929780.0
File C:\Users\user\AppData\Local\Programs\Python\Python314\Lib\site-packages\django\forms\renderers.py first seen with mtime 1764907652.7685354
File C:\Users\user\AppData\Local\Programs\Python\Python314\Lib\http\client.py first seen with mtime 1764929780.0
File C:\Users\user\AppData\Local\Programs\Python\Python314\Lib\site-packages\django\views\decorators\csrf.py first seen with mtime 1764907653.0965686
File C:\Users\user\AppData\Local\Programs\Python\Python314\Lib\email\mime\multipart.py first seen with mtime 1764929780.0
File C:\Users\user\AppData\Local\Programs\Python\Python314\Lib\site-packages\django\contrib\admin\exceptions.py first seen with mtime 1764907647.0287535
File C:\Users\user\AppData\Local\Programs\Python\Python314\Lib\datetime.py first seen with mtime 1764929780.0
File C:\Users\user\AppData\Local\Programs\Python\Python314\Lib\site-packages\django\db\models\fields\files.py first seen with mtime 1764907652.723979
File C:\Users\user\AppData\Local\Programs\Python\Python314\Lib\email\_policybase.py first seen with mtime 1764929780.0
File C:\Users\user\AppData\Local\Programs\Python\Python314\Lib\asyncio\graph.py first seen with mtime 1764929780.0
File C:\Users\user\AppData\Local\Programs\Python\Python314\Lib\site-packages\rest_framework\__init__.py first seen with mtime 1764907697.286419
File C:\Users\user\AppData\Local\Programs\Python\Python314\Lib\site-packages\rest_framework\permissions.py first seen with mtime 1764907697.3089688
File C:\Users\user\AppData\Local\Programs\Python\Python314\Lib\site-packages\rest_framework\utils\humanize_datetime.py first seen with mtime 1764907697.73673
File C:\Users\user\AppData\Local\Programs\Python\Python314\Lib\site-packages\rest_framework\utils\urls.py first seen with mtime 1764907697.7447324
File C:\Users\user\AppData\Local\Programs\Python\Python314\Lib\site-packages\sqlparse\tokens.py first seen with mtime 1764907575.4251432
File C:\Users\user\AppData\Local\Programs\Python\Python314\Lib\email\utils.py first seen with mtime 1764929780.0
File C:\Users\user\AppData\Local\Programs\Python\Python314\Lib\email\errors.py first seen with mtime 1764929780.0
File C:\Users\user\AppData\Local\Programs\Python\Python314\Lib\concurrent\futures\_base.py first seen with mtime 1764929780.0
File C:\Users\user\AppData\Local\Programs\Python\Python314\Lib\site-packages\django\core\servers\__init__.py first seen with mtime 1764907652.5910635
File C:\Users\user\AppData\Local\Programs\Python\Python314\Lib\site-packages\django\db\migrations\state.py first seen with mtime 1764907652.6894083
File C:\Users\user\AppData\Local\Programs\Python\Python314\Lib\site-packages\django\db\models\functions\__init__.py first seen with mtime 1764907652.7360685
File C:\Users\user\AppData\Local\Programs\Python\Python314\Lib\site-packages\django\db\models\base.py first seen with mtime 1764907652.7014942
File C:\Users\user\AppData\Local\Programs\Python\Python314\Lib\site-packages\django\contrib\messages\storage\__init__.py first seen with mtime 1764907650.7174556
File C:\Users\user\AppData\Local\Programs\Python\Python314\Lib\contextvars.py first seen with mtime 1764929780.0
File C:\Users\user\AppData\Local\Programs\Python\Python314\Lib\site-packages\django\db\models\sql\datastructures.py first seen with mtime 1764907652.7500362
File C:\Users\user\AppData\Local\Programs\Python\Python314\Lib\site-packages\django\db\backends\base\client.py first seen with mtime 1764907652.603073
File C:\Users\user\AppData\Local\Programs\Python\Python314\Lib\site-packages\django\contrib\admin\templatetags\__init__.py first seen with mtime 1764907647.8972394
File C:\Users\user\AppData\Local\Programs\Python\Python314\Lib\site-packages\django\http\response.py first seen with mtime 1764907652.904052
File C:\Users\user\AppData\Local\Programs\Python\Python314\Lib\site-packages\django\db\models\deletion.py first seen with mtime 1764907652.7059498
File C:\Users\user\AppData\Local\Programs\Python\Python314\Lib\ctypes\_endian.py first seen with mtime 1764929780.0
File C:\Users\user\AppData\Local\Programs\Python\Python314\Lib\email\header.py first seen with mtime 1764929780.0
File C:\Users\user\AppData\Local\Programs\Python\Python314\Lib\asyncio\mixins.py first seen with mtime 1764929780.0
File C:\Users\user\AppData\Local\Programs\Python\Python314\Lib\site-packages\django\utils\version.py first seen with mtime 1764907653.065445
File C:\Users\user\AppData\Local\Programs\Python\Python314\Lib\site-packages\django\middleware\cache.py first seen with mtime 1764907652.9067254
File C:\Users\user\AppData\Local\Programs\Python\Python314\Lib\site-packages\sqlparse\filters\reindent.py first seen with mtime 1764907575.4371064
File C:\Users\user\AppData\Local\Programs\Python\Python314\Lib\zoneinfo\_tzpath.py first seen with mtime 1764929782.0
File C:\Users\user\AppData\Local\Programs\Python\Python314\Lib\site-packages\django\contrib\auth\password_validation.py first seen with mtime 1764907648.3376794
File C:\Users\user\AppData\Local\Programs\Python\Python314\Lib\site-packages\django\views\decorators\csp.py first seen with mtime 1764907653.094644
File C:\Users\user\AppData\Local\Programs\Python\Python314\Lib\site-packages\sqlparse\filters\aligned_indent.py first seen with mtime 1764907575.4331481
File C:\Users\user\AppData\Local\Programs\Python\Python314\Lib\re\_compiler.py first seen with mtime 1764929780.0
File C:\Users\user\AppData\Local\Programs\Python\Python314\Lib\site-packages\django\conf\locale\__init__.py first seen with mtime 1764907646.286615
File C:\Users\user\AppData\Local\Programs\Python\Python314\Lib\email\quoprimime.py first seen with mtime 1764929780.0
File C:\Users\user\AppData\Local\Programs\Python\Python314\Lib\site-packages\django\core\serializers\json.py first seen with mtime 1764907652.5847888
File C:\Users\user\AppData\Local\Programs\Python\Python314\Lib\_opcode_metadata.py first seen with mtime 1764929780.0
File C:\Users\user\AppData\Local\Programs\Python\Python314\Lib\site-packages\django\core\checks\security\base.py first seen with mtime 1764907652.4946754
File C:\Users\user\AppData\Local\Programs\Python\Python314\Lib\site-packages\django\core\management\commands\runserver.py first seen with mtime 1764907652.5697184
File C:\Users\user\AppData\Local\Programs\Python\Python314\Lib\collections\__init__.py first seen with mtime 1764929780.0
File C:\Users\user\AppData\Local\Programs\Python\Python314\Lib\site-packages\django\db\models\expressions.py first seen with mtime 1764907652.707962
File C:\Users\user\AppData\Local\Programs\Python\Python314\Lib\site-packages\django\contrib\auth\middleware.py first seen with mtime 1764907648.3345866
File C:\Users\user\AppData\Local\Programs\Python\Python314\Lib\urllib\response.py first seen with mtime 1764929782.0
File C:\Users\user\AppData\Local\Programs\Python\Python314\Lib\wsgiref\handlers.py first seen with mtime 1764929782.0
File C:\Users\user\AppData\Local\Programs\Python\Python314\Lib\site-packages\django\utils\dateformat.py first seen with mtime 1764907653.0357656
File C:\Users\user\AppData\Local\Programs\Python\Python314\Lib\site-packages\django\core\management\color.py first seen with mtime 1764907652.5442467
File C:\Users\user\AppData\Local\Programs\Python\Python314\Lib\email\_parseaddr.py first seen with mtime 1764929780.0
File C:\Users\user\AppData\Local\Programs\Python\Python314\Lib\site-packages\django\core\checks\async_checks.py first seen with mtime 1764907652.4594476
File C:\Users\user\AppData\Local\Programs\Python\Python314\Lib\site-packages\django\core\checks\security\csrf.py first seen with mtime 1764907652.496659
File C:\Users\user\AppData\Local\Programs\Python\Python314\Lib\site-packages\django\db\backends\postgresql\__init__.py first seen with mtime 1764907652.650321
File C:\Users\user\AppData\Local\Programs\Python\Python314\Lib\site-packages\sqlparse\sql.py first seen with mtime 1764907575.4241192
File C:\Users\user\AppData\Local\Programs\Python\Python314\Lib\site-packages\rest_framework\schemas\inspectors.py first seen with mtime 1764907697.5317304
File C:\Users\user\AppData\Local\Programs\Python\Python314\Lib\site-packages\django\db\backends\utils.py first seen with mtime 1764907652.6000502
File C:\Users\user\AppData\Local\Programs\Python\Python314\Lib\site-packages\django\core\management\commands\__init__.py first seen with mtime 1764907652.5493367
File C:\Users\user\AppData\Local\Programs\Python\Python314\Lib\site-packages\django\db\models\enums.py first seen with mtime 1764907652.7069495
File C:\Users\user\AppData\Local\Programs\Python\Python314\Lib\site-packages\django\template\loaders\cached.py first seen with mtime 1764907652.976221
File C:\Users\user\AppData\Local\Programs\Python\Python314\Lib\glob.py first seen with mtime 1764929780.0
File C:\Users\user\AppData\Local\Programs\Python\Python314\Lib\annotationlib.py first seen with mtime 1764929780.0
File C:\Users\user\AppData\Local\Programs\Python\Python314\Lib\site-packages\django\contrib\admindocs\utils.py first seen with mtime 1764907647.9174669
File D:\L\Webp2026-ex0\Webp2026-ex0\HW1\myhello\views.py first seen with mtime 1774205907.4925022
File C:\Users\user\AppData\Local\Programs\Python\Python314\Lib\sqlite3\__init__.py first seen with mtime 1764929780.0
File C:\Users\user\AppData\Local\Programs\Python\Python314\Lib\sqlite3\dbapi2.py first seen with mtime 1764929780.0
File C:\Users\user\AppData\Local\Programs\Python\Python314\Lib\site-packages\django\template\loader.py first seen with mtime 1764907652.9577148
File C:\Users\user\AppData\Local\Programs\Python\Python314\Lib\asyncio\futures.py first seen with mtime 1764929780.0
File C:\Users\user\AppData\Local\Programs\Python\Python314\Lib\dis.py first seen with mtime 1764929780.0
File C:\Users\user\AppData\Local\Programs\Python\Python314\Lib\site-packages\rest_framework\views.py first seen with mtime 1764907697.3329709
File C:\Users\user\AppData\Local\Programs\Python\Python314\Lib\contextlib.py first seen with mtime 1764929780.0
File C:\Users\user\AppData\Local\Programs\Python\Python314\Lib\copy.py first seen with mtime 1764929780.0
File C:\Users\user\AppData\Local\Programs\Python\Python314\Lib\site-packages\django\core\checks\caches.py first seen with mtime 1764907652.4637816
File C:\Users\user\AppData\Local\Programs\Python\Python314\Lib\site-packages\django\contrib\contenttypes\views.py first seen with mtime 1764907648.7198443
File C:\Users\user\AppData\Local\Programs\Python\Python314\Lib\site-packages\rest_framework\exceptions.py first seen with mtime 1764907697.297971
File C:\Users\user\AppData\Local\Programs\Python\Python314\Lib\site-packages\rest_framework\pagination.py first seen with mtime 1764907697.305972
File C:\Users\user\AppData\Local\Programs\Python\Python314\Lib\site-packages\django\core\cache\backends\base.py first seen with mtime 1764907652.4444647
File C:\Users\user\AppData\Local\Programs\Python\Python314\Lib\site-packages\django\core\cache\backends\__init__.py first seen with mtime 1764907652.4412358
File C:\Users\user\AppData\Local\Programs\Python\Python314\Lib\site-packages\django\utils\hashable.py first seen with mtime 1764907653.045942
File C:\Users\user\AppData\Local\Programs\Python\Python314\Lib\site-packages\django\contrib\sites\requests.py first seen with mtime 1764907651.949047
File C:\Users\user\AppData\Local\Programs\Python\Python314\Lib\email\contentmanager.py first seen with mtime 1764929780.0
File C:\Users\user\AppData\Local\Programs\Python\Python314\Lib\site-packages\django\template\smartif.py first seen with mtime 1764907652.9618566
File C:\Users\user\AppData\Local\Programs\Python\Python314\Lib\site-packages\django\utils\decorators.py first seen with mtime 1764907653.0399854
File C:\Users\user\AppData\Local\Programs\Python\Python314\Lib\tokenize.py first seen with mtime 1764929780.0
File C:\Users\user\AppData\Local\Programs\Python\Python314\Lib\site-packages\django\core\checks\__init__.py first seen with mtime 1764907652.4584582
File C:\Users\user\AppData\Local\Programs\Python\Python314\Lib\tempfile.py first seen with mtime 1764929780.0
File C:\Users\user\AppData\Local\Programs\Python\Python314\Lib\site-packages\django\core\checks\compatibility\django_4_0.py first seen with mtime 1764907652.4887497
File C:\Users\user\AppData\Local\Programs\Python\Python314\Lib\site-packages\django\contrib\sessions\base_session.py first seen with mtime 1764907651.5003865
File C:\Users\user\AppData\Local\Programs\Python\Python314\Lib\site-packages\django\db\models\functions\json.py first seen with mtime 1764907652.7399457
File C:\Users\user\AppData\Local\Programs\Python\Python314\Lib\pathlib\_os.py first seen with mtime 1764929780.0
File C:\Users\user\AppData\Local\Programs\Python\Python314\Lib\asyncio\proactor_events.py first seen with mtime 1764929780.0
File C:\Users\user\AppData\Local\Programs\Python\Python314\Lib\site-packages\django\utils\timezone.py first seen with mtime 1764907653.0634491
File C:\Users\user\AppData\Local\Programs\Python\Python314\Lib\email\mime\nonmultipart.py first seen with mtime 1764929780.0
File C:\Users\user\AppData\Local\Programs\Python\Python314\Lib\site-packages\django\utils\regex_helper.py first seen with mtime 1764907653.0579882
File C:\Users\user\AppData\Local\Programs\Python\Python314\Lib\site-packages\django\contrib\contenttypes\management\__init__.py first seen with mtime 1764907649.1674292
File C:\Users\user\AppData\Local\Programs\Python\Python314\Lib\site-packages\django\views\generic\detail.py first seen with mtime 1764907653.106266
File C:\Users\user\AppData\Local\Programs\Python\Python314\Lib\site-packages\rest_framework\apps.py first seen with mtime 1764907697.2884183
File C:\Users\user\AppData\Local\Programs\Python\Python314\Lib\site-packages\rest_framework\templates\rest_framework first seen with mtime 1764907697.7077446
File C:\Users\user\AppData\Local\Programs\Python\Python314\Lib\site-packages\rest_framework\templates\rest_framework\admin first seen with mtime 1764907697.6391296
File C:\Users\user\AppData\Local\Programs\Python\Python314\Lib\site-packages\rest_framework\templates\rest_framework\admin.html first seen with mtime 1764907697.6211278
File C:\Users\user\AppData\Local\Programs\Python\Python314\Lib\site-packages\rest_framework\templates\rest_framework\api.html first seen with mtime 1764907697.623141
File C:\Users\user\AppData\Local\Programs\Python\Python314\Lib\site-packages\rest_framework\templates\rest_framework\base.html first seen with mtime 1764907697.6251414
File C:\Users\user\AppData\Local\Programs\Python\Python314\Lib\site-packages\rest_framework\templates\rest_framework\docs first seen with mtime 1764907697.6551292
File C:\Users\user\AppData\Local\Programs\Python\Python314\Lib\site-packages\rest_framework\templates\rest_framework\filters first seen with mtime 1764907697.6726599
File C:\Users\user\AppData\Local\Programs\Python\Python314\Lib\site-packages\rest_framework\templates\rest_framework\horizontal first seen with mtime 1764907697.690198
File C:\Users\user\AppData\Local\Programs\Python\Python314\Lib\site-packages\rest_framework\templates\rest_framework\inline first seen with mtime 1764907697.703736
File C:\Users\user\AppData\Local\Programs\Python\Python314\Lib\site-packages\rest_framework\templates\rest_framework\login.html first seen with mtime 1764907697.6271288
File C:\Users\user\AppData\Local\Programs\Python\Python314\Lib\site-packages\rest_framework\templates\rest_framework\login_base.html first seen with mtime 1764907697.6281276
File C:\Users\user\AppData\Local\Programs\Python\Python314\Lib\site-packages\rest_framework\templates\rest_framework\pagination first seen with mtime 1764907697.7067337
File C:\Users\user\AppData\Local\Programs\Python\Python314\Lib\site-packages\rest_framework\templates\rest_framework\raw_data_form.html first seen with mtime 1764907697.629135
File C:\Users\user\AppData\Local\Programs\Python\Python314\Lib\site-packages\rest_framework\templates\rest_framework\schema.js first seen with mtime 1764907697.630136
File C:\Users\user\AppData\Local\Programs\Python\Python314\Lib\site-packages\rest_framework\templates\rest_framework\vertical first seen with mtime 1764907697.722749
File C:\Users\user\AppData\Local\Programs\Python\Python314\Lib\site-packages\rest_framework\templates\rest_framework\admin\detail.html first seen with mtime 1764907697.6321378
File C:\Users\user\AppData\Local\Programs\Python\Python314\Lib\site-packages\rest_framework\templates\rest_framework\admin\dict_value.html first seen with mtime 1764907697.6341338
File C:\Users\user\AppData\Local\Programs\Python\Python314\Lib\site-packages\rest_framework\templates\rest_framework\admin\list.html first seen with mtime 1764907697.6361337
File C:\Users\user\AppData\Local\Programs\Python\Python314\Lib\site-packages\rest_framework\templates\rest_framework\admin\list_value.html first seen with mtime 1764907697.6381357
File C:\Users\user\AppData\Local\Programs\Python\Python314\Lib\site-packages\rest_framework\templates\rest_framework\admin\simple_list_value.html first seen with mtime 1764907697.6401331
File C:\Users\user\AppData\Local\Programs\Python\Python314\Lib\site-packages\rest_framework\templates\rest_framework\docs\auth first seen with mtime 1764907697.6541288
File C:\Users\user\AppData\Local\Programs\Python\Python314\Lib\site-packages\rest_framework\templates\rest_framework\docs\document.html first seen with mtime 1764907697.642131
File C:\Users\user\AppData\Local\Programs\Python\Python314\Lib\site-packages\rest_framework\templates\rest_framework\docs\error.html first seen with mtime 1764907697.643136
File C:\Users\user\AppData\Local\Programs\Python\Python314\Lib\site-packages\rest_framework\templates\rest_framework\docs\index.html first seen with mtime 1764907697.6441333
File C:\Users\user\AppData\Local\Programs\Python\Python314\Lib\site-packages\rest_framework\templates\rest_framework\docs\interact.html first seen with mtime 1764907697.647138
File C:\Users\user\AppData\Local\Programs\Python\Python314\Lib\site-packages\rest_framework\templates\rest_framework\docs\langs first seen with mtime 1764907697.667659
File C:\Users\user\AppData\Local\Programs\Python\Python314\Lib\site-packages\rest_framework\templates\rest_framework\docs\link.html first seen with mtime 1764907697.6481318
File C:\Users\user\AppData\Local\Programs\Python\Python314\Lib\site-packages\rest_framework\templates\rest_framework\docs\sidebar.html first seen with mtime 1764907697.6491306
File C:\Users\user\AppData\Local\Programs\Python\Python314\Lib\site-packages\rest_framework\templates\rest_framework\filters\base.html first seen with mtime 1764907697.6706574
File C:\Users\user\AppData\Local\Programs\Python\Python314\Lib\site-packages\rest_framework\templates\rest_framework\filters\ordering.html first seen with mtime 1764907697.6716604
File C:\Users\user\AppData\Local\Programs\Python\Python314\Lib\site-packages\rest_framework\templates\rest_framework\filters\search.html first seen with mtime 1764907697.6726599
File C:\Users\user\AppData\Local\Programs\Python\Python314\Lib\site-packages\rest_framework\templates\rest_framework\horizontal\checkbox.html first seen with mtime 1764907697.6746602
File C:\Users\user\AppData\Local\Programs\Python\Python314\Lib\site-packages\rest_framework\templates\rest_framework\horizontal\checkbox_multiple.html first seen with mtime 1764907697.6766586
File C:\Users\user\AppData\Local\Programs\Python\Python314\Lib\site-packages\rest_framework\templates\rest_framework\horizontal\dict_field.html first seen with mtime 1764907697.6786556
File C:\Users\user\AppData\Local\Programs\Python\Python314\Lib\site-packages\rest_framework\templates\rest_framework\horizontal\fieldset.html first seen with mtime 1764907697.679671
File C:\Users\user\AppData\Local\Programs\Python\Python314\Lib\site-packages\rest_framework\templates\rest_framework\horizontal\form.html first seen with mtime 1764907697.679671
File C:\Users\user\AppData\Local\Programs\Python\Python314\Lib\site-packages\rest_framework\templates\rest_framework\horizontal\input.html first seen with mtime 1764907697.6816719
File C:\Users\user\AppData\Local\Programs\Python\Python314\Lib\site-packages\rest_framework\templates\rest_framework\horizontal\list_field.html first seen with mtime 1764907697.683666
File C:\Users\user\AppData\Local\Programs\Python\Python314\Lib\site-packages\rest_framework\templates\rest_framework\horizontal\list_fieldset.html first seen with mtime 1764907697.6841805
File C:\Users\user\AppData\Local\Programs\Python\Python314\Lib\site-packages\rest_framework\templates\rest_framework\horizontal\radio.html first seen with mtime 1764907697.6861975
File C:\Users\user\AppData\Local\Programs\Python\Python314\Lib\site-packages\rest_framework\templates\rest_framework\horizontal\select.html first seen with mtime 1764907697.6871984
File C:\Users\user\AppData\Local\Programs\Python\Python314\Lib\site-packages\rest_framework\templates\rest_framework\horizontal\select_multiple.html first seen with mtime 1764907697.6892006
File C:\Users\user\AppData\Local\Programs\Python\Python314\Lib\site-packages\rest_framework\templates\rest_framework\horizontal\textarea.html first seen with mtime 1764907697.6911976
File C:\Users\user\AppData\Local\Programs\Python\Python314\Lib\site-packages\rest_framework\templates\rest_framework\inline\checkbox.html first seen with mtime 1764907697.6921985
File C:\Users\user\AppData\Local\Programs\Python\Python314\Lib\site-packages\rest_framework\templates\rest_framework\inline\checkbox_multiple.html first seen with mtime 1764907697.6941984
File C:\Users\user\AppData\Local\Programs\Python\Python314\Lib\site-packages\rest_framework\templates\rest_framework\inline\dict_field.html first seen with mtime 1764907697.695736
File C:\Users\user\AppData\Local\Programs\Python\Python314\Lib\site-packages\rest_framework\templates\rest_framework\inline\fieldset.html first seen with mtime 1764907697.6967337
File C:\Users\user\AppData\Local\Programs\Python\Python314\Lib\site-packages\rest_framework\templates\rest_framework\inline\form.html first seen with mtime 1764907697.6977355
File C:\Users\user\AppData\Local\Programs\Python\Python314\Lib\site-packages\rest_framework\templates\rest_framework\inline\input.html first seen with mtime 1764907697.698737
File C:\Users\user\AppData\Local\Programs\Python\Python314\Lib\site-packages\rest_framework\templates\rest_framework\inline\list_field.html first seen with mtime 1764907697.698737
File C:\Users\user\AppData\Local\Programs\Python\Python314\Lib\site-packages\rest_framework\templates\rest_framework\inline\list_fieldset.html first seen with mtime 1764907697.7007356
File C:\Users\user\AppData\Local\Programs\Python\Python314\Lib\site-packages\rest_framework\templates\rest_framework\inline\radio.html first seen with mtime 1764907697.701752
File C:\Users\user\AppData\Local\Programs\Python\Python314\Lib\site-packages\rest_framework\templates\rest_framework\inline\select.html first seen with mtime 1764907697.7027352
File C:\Users\user\AppData\Local\Programs\Python\Python314\Lib\site-packages\rest_framework\templates\rest_framework\inline\select_multiple.html first seen with mtime 1764907697.703736
File C:\Users\user\AppData\Local\Programs\Python\Python314\Lib\site-packages\rest_framework\templates\rest_framework\inline\textarea.html first seen with mtime 1764907697.703736
File C:\Users\user\AppData\Local\Programs\Python\Python314\Lib\site-packages\rest_framework\templates\rest_framework\pagination\numbers.html first seen with mtime 1764907697.7057347
File C:\Users\user\AppData\Local\Programs\Python\Python314\Lib\site-packages\rest_framework\templates\rest_framework\pagination\previous_and_next.html first seen with mtime 1764907697.7067337
File C:\Users\user\AppData\Local\Programs\Python\Python314\Lib\site-packages\rest_framework\templates\rest_framework\vertical\checkbox.html first seen with mtime 1764907697.7087314
File C:\Users\user\AppData\Local\Programs\Python\Python314\Lib\site-packages\rest_framework\templates\rest_framework\vertical\checkbox_multiple.html first seen with mtime 1764907697.709737
File C:\Users\user\AppData\Local\Programs\Python\Python314\Lib\site-packages\rest_framework\templates\rest_framework\vertical\dict_field.html first seen with mtime 1764907697.710734
File C:\Users\user\AppData\Local\Programs\Python\Python314\Lib\site-packages\rest_framework\templates\rest_framework\vertical\fieldset.html first seen with mtime 1764907697.7137363
File C:\Users\user\AppData\Local\Programs\Python\Python314\Lib\site-packages\rest_framework\templates\rest_framework\vertical\form.html first seen with mtime 1764907697.7147357
File C:\Users\user\AppData\Local\Programs\Python\Python314\Lib\site-packages\rest_framework\templates\rest_framework\vertical\input.html first seen with mtime 1764907697.7147357
File C:\Users\user\AppData\Local\Programs\Python\Python314\Lib\site-packages\rest_framework\templates\rest_framework\vertical\list_field.html first seen with mtime 1764907697.7157357
File C:\Users\user\AppData\Local\Programs\Python\Python314\Lib\site-packages\rest_framework\templates\rest_framework\vertical\list_fieldset.html first seen with mtime 1764907697.7177315
File C:\Users\user\AppData\Local\Programs\Python\Python314\Lib\site-packages\rest_framework\templates\rest_framework\vertical\radio.html first seen with mtime 1764907697.7187326
File C:\Users\user\AppData\Local\Programs\Python\Python314\Lib\site-packages\rest_framework\templates\rest_framework\vertical\select.html first seen with mtime 1764907697.720735
File C:\Users\user\AppData\Local\Programs\Python\Python314\Lib\site-packages\rest_framework\templates\rest_framework\vertical\select_multiple.html first seen with mtime 1764907697.7217338
File C:\Users\user\AppData\Local\Programs\Python\Python314\Lib\site-packages\rest_framework\templates\rest_framework\vertical\textarea.html first seen with mtime 1764907697.722749
File C:\Users\user\AppData\Local\Programs\Python\Python314\Lib\site-packages\rest_framework\templates\rest_framework\docs\auth\basic.html first seen with mtime 1764907697.651129
File C:\Users\user\AppData\Local\Programs\Python\Python314\Lib\site-packages\rest_framework\templates\rest_framework\docs\auth\session.html first seen with mtime 1764907697.6541288
File C:\Users\user\AppData\Local\Programs\Python\Python314\Lib\site-packages\rest_framework\templates\rest_framework\docs\auth\token.html first seen with mtime 1764907697.6551292
File C:\Users\user\AppData\Local\Programs\Python\Python314\Lib\site-packages\rest_framework\templates\rest_framework\docs\langs\javascript-intro.html first seen with mtime 1764907697.660133
File C:\Users\user\AppData\Local\Programs\Python\Python314\Lib\site-packages\rest_framework\templates\rest_framework\docs\langs\javascript.html first seen with mtime 1764907697.6631417
File C:\Users\user\AppData\Local\Programs\Python\Python314\Lib\site-packages\rest_framework\templates\rest_framework\docs\langs\python-intro.html first seen with mtime 1764907697.664641
File C:\Users\user\AppData\Local\Programs\Python\Python314\Lib\site-packages\rest_framework\templates\rest_framework\docs\langs\python.html first seen with mtime 1764907697.6666586
File C:\Users\user\AppData\Local\Programs\Python\Python314\Lib\site-packages\rest_framework\templates\rest_framework\docs\langs\shell-intro.html first seen with mtime 1764907697.6666586
File C:\Users\user\AppData\Local\Programs\Python\Python314\Lib\site-packages\rest_framework\templates\rest_framework\docs\langs\shell.html first seen with mtime 1764907697.667659
File C:\Users\user\AppData\Local\Programs\Python\Python314\Lib\site-packages\rest_framework\locale\zh_TW\LC_MESSAGES\django.mo first seen with mtime 1764907697.5197313
File C:\Users\user\AppData\Local\Programs\Python\Python314\Lib\site-packages\rest_framework\locale\zh_Hant\LC_MESSAGES\django.mo first seen with mtime 1764907697.5167317
File C:\Users\user\AppData\Local\Programs\Python\Python314\Lib\site-packages\rest_framework\locale\zh_Hans\LC_MESSAGES\django.mo first seen with mtime 1764907697.5147307
File C:\Users\user\AppData\Local\Programs\Python\Python314\Lib\site-packages\rest_framework\locale\zh_CN\LC_MESSAGES\django.mo first seen with mtime 1764907697.5117283
File C:\Users\user\AppData\Local\Programs\Python\Python314\Lib\site-packages\rest_framework\locale\vi\LC_MESSAGES\django.mo first seen with mtime 1764907697.508732
File C:\Users\user\AppData\Local\Programs\Python\Python314\Lib\site-packages\rest_framework\locale\uk\LC_MESSAGES\django.mo first seen with mtime 1764907697.5067308
File C:\Users\user\AppData\Local\Programs\Python\Python314\Lib\site-packages\rest_framework\locale\tr_TR\LC_MESSAGES\django.mo first seen with mtime 1764907697.5037315
File C:\Users\user\AppData\Local\Programs\Python\Python314\Lib\site-packages\rest_framework\locale\tr\LC_MESSAGES\django.mo first seen with mtime 1764907697.502731
File C:\Users\user\AppData\Local\Programs\Python\Python314\Lib\site-packages\rest_framework\locale\th\LC_MESSAGES\django.mo first seen with mtime 1764907697.5007315
File C:\Users\user\AppData\Local\Programs\Python\Python314\Lib\site-packages\rest_framework\locale\sv\LC_MESSAGES\django.mo first seen with mtime 1764907697.497729
File C:\Users\user\AppData\Local\Programs\Python\Python314\Lib\site-packages\rest_framework\locale\sl\LC_MESSAGES\django.mo first seen with mtime 1764907697.4947143
File C:\Users\user\AppData\Local\Programs\Python\Python314\Lib\site-packages\rest_framework\locale\sk\LC_MESSAGES\django.mo first seen with mtime 1764907697.4911997
File C:\Users\user\AppData\Local\Programs\Python\Python314\Lib\site-packages\rest_framework\locale\ru_RU\LC_MESSAGES\django.mo first seen with mtime 1764907697.488195
File C:\Users\user\AppData\Local\Programs\Python\Python314\Lib\site-packages\rest_framework\locale\ru\LC_MESSAGES\django.mo first seen with mtime 1764907697.4821951
File C:\Users\user\AppData\Local\Programs\Python\Python314\Lib\site-packages\rest_framework\locale\ro\LC_MESSAGES\django.mo first seen with mtime 1764907697.479183
File C:\Users\user\AppData\Local\Programs\Python\Python314\Lib\site-packages\rest_framework\locale\pt_PT\LC_MESSAGES\django.mo first seen with mtime 1764907697.4781806
File C:\Users\user\AppData\Local\Programs\Python\Python314\Lib\site-packages\rest_framework\locale\pt_BR\LC_MESSAGES\django.mo first seen with mtime 1764907697.4741828
File C:\Users\user\AppData\Local\Programs\Python\Python314\Lib\site-packages\rest_framework\locale\pt\LC_MESSAGES\django.mo first seen with mtime 1764907697.4711816
File C:\Users\user\AppData\Local\Programs\Python\Python314\Lib\site-packages\rest_framework\locale\pl\LC_MESSAGES\django.mo first seen with mtime 1764907697.4671943
File C:\Users\user\AppData\Local\Programs\Python\Python314\Lib\site-packages\rest_framework\locale\no\LC_MESSAGES\django.mo first seen with mtime 1764907697.4651818
File C:\Users\user\AppData\Local\Programs\Python\Python314\Lib\site-packages\rest_framework\locale\nn\LC_MESSAGES\django.mo first seen with mtime 1764907697.462179
File C:\Users\user\AppData\Local\Programs\Python\Python314\Lib\site-packages\rest_framework\locale\nl\LC_MESSAGES\django.mo first seen with mtime 1764907697.458178
File C:\Users\user\AppData\Local\Programs\Python\Python314\Lib\site-packages\rest_framework\locale\ne_NP\LC_MESSAGES\django.mo first seen with mtime 1764907697.4551785
File C:\Users\user\AppData\Local\Programs\Python\Python314\Lib\site-packages\rest_framework\locale\nb\LC_MESSAGES\django.mo first seen with mtime 1764907697.4531796
File C:\Users\user\AppData\Local\Programs\Python\Python314\Lib\site-packages\rest_framework\locale\mk\LC_MESSAGES\django.mo first seen with mtime 1764907697.4501772
File C:\Users\user\AppData\Local\Programs\Python\Python314\Lib\site-packages\rest_framework\locale\lv\LC_MESSAGES\django.mo first seen with mtime 1764907697.448179
File C:\Users\user\AppData\Local\Programs\Python\Python314\Lib\site-packages\rest_framework\locale\lt\LC_MESSAGES\django.mo first seen with mtime 1764907697.4462693
File C:\Users\user\AppData\Local\Programs\Python\Python314\Lib\site-packages\rest_framework\locale\ko_KR\LC_MESSAGES\django.mo first seen with mtime 1764907697.4439616
File C:\Users\user\AppData\Local\Programs\Python\Python314\Lib\site-packages\rest_framework\locale\kk\LC_MESSAGES\django.mo first seen with mtime 1764907697.441963
File C:\Users\user\AppData\Local\Programs\Python\Python314\Lib\site-packages\rest_framework\locale\ja\LC_MESSAGES\django.mo first seen with mtime 1764907697.4389637
File C:\Users\user\AppData\Local\Programs\Python\Python314\Lib\site-packages\rest_framework\locale\it\LC_MESSAGES\django.mo first seen with mtime 1764907697.4359615
File C:\Users\user\AppData\Local\Programs\Python\Python314\Lib\site-packages\rest_framework\locale\id\LC_MESSAGES\django.mo first seen with mtime 1764907697.433957
File C:\Users\user\AppData\Local\Programs\Python\Python314\Lib\site-packages\rest_framework\locale\hy\LC_MESSAGES\django.mo first seen with mtime 1764907697.430961
File C:\Users\user\AppData\Local\Programs\Python\Python314\Lib\site-packages\rest_framework\locale\hu\LC_MESSAGES\django.mo first seen with mtime 1764907697.4279697
File C:\Users\user\AppData\Local\Programs\Python\Python314\Lib\site-packages\rest_framework\locale\he_IL\LC_MESSAGES\django.mo first seen with mtime 1764907697.423966
File C:\Users\user\AppData\Local\Programs\Python\Python314\Lib\site-packages\rest_framework\locale\gl_ES\LC_MESSAGES\django.mo first seen with mtime 1764907697.421963
File C:\Users\user\AppData\Local\Programs\Python\Python314\Lib\site-packages\rest_framework\locale\gl\LC_MESSAGES\django.mo first seen with mtime 1764907697.4189682
File C:\Users\user\AppData\Local\Programs\Python\Python314\Lib\site-packages\rest_framework\locale\fr_CA\LC_MESSAGES\django.mo first seen with mtime 1764907697.4159608
File C:\Users\user\AppData\Local\Programs\Python\Python314\Lib\site-packages\rest_framework\locale\fr\LC_MESSAGES\django.mo first seen with mtime 1764907697.4139607
File C:\Users\user\AppData\Local\Programs\Python\Python314\Lib\site-packages\rest_framework\locale\fi\LC_MESSAGES\django.mo first seen with mtime 1764907697.4119594
File C:\Users\user\AppData\Local\Programs\Python\Python314\Lib\site-packages\rest_framework\locale\fa_IR\LC_MESSAGES\django.mo first seen with mtime 1764907697.4089642
File C:\Users\user\AppData\Local\Programs\Python\Python314\Lib\site-packages\rest_framework\locale\fa\LC_MESSAGES\django.mo first seen with mtime 1764907697.4059608
File C:\Users\user\AppData\Local\Programs\Python\Python314\Lib\site-packages\rest_framework\locale\et\LC_MESSAGES\django.mo first seen with mtime 1764907697.4039657
File C:\Users\user\AppData\Local\Programs\Python\Python314\Lib\site-packages\rest_framework\locale\es\LC_MESSAGES\django.mo first seen with mtime 1764907697.4009743
File C:\Users\user\AppData\Local\Programs\Python\Python314\Lib\site-packages\rest_framework\locale\en_US\LC_MESSAGES\django.mo first seen with mtime 1764907697.3989818
File C:\Users\user\AppData\Local\Programs\Python\Python314\Lib\site-packages\rest_framework\locale\en_CA\LC_MESSAGES\django.mo first seen with mtime 1764907697.393944
File C:\Users\user\AppData\Local\Programs\Python\Python314\Lib\site-packages\rest_framework\locale\en_AU\LC_MESSAGES\django.mo first seen with mtime 1764907697.390433
File C:\Users\user\AppData\Local\Programs\Python\Python314\Lib\site-packages\rest_framework\locale\en\LC_MESSAGES\django.mo first seen with mtime 1764907697.3884325
File C:\Users\user\AppData\Local\Programs\Python\Python314\Lib\site-packages\rest_framework\locale\el_GR\LC_MESSAGES\django.mo first seen with mtime 1764907697.386435
File C:\Users\user\AppData\Local\Programs\Python\Python314\Lib\site-packages\rest_framework\locale\el\LC_MESSAGES\django.mo first seen with mtime 1764907697.3834317
File C:\Users\user\AppData\Local\Programs\Python\Python314\Lib\site-packages\rest_framework\locale\de\LC_MESSAGES\django.mo first seen with mtime 1764907697.3814332
File C:\Users\user\AppData\Local\Programs\Python\Python314\Lib\site-packages\rest_framework\locale\da\LC_MESSAGES\django.mo first seen with mtime 1764907697.37943
File C:\Users\user\AppData\Local\Programs\Python\Python314\Lib\site-packages\rest_framework\locale\cs\LC_MESSAGES\django.mo first seen with mtime 1764907697.3764167
File C:\Users\user\AppData\Local\Programs\Python\Python314\Lib\site-packages\rest_framework\locale\ca_ES\LC_MESSAGES\django.mo first seen with mtime 1764907697.3724189
File C:\Users\user\AppData\Local\Programs\Python\Python314\Lib\site-packages\rest_framework\locale\ca\LC_MESSAGES\django.mo first seen with mtime 1764907697.370419
File C:\Users\user\AppData\Local\Programs\Python\Python314\Lib\site-packages\rest_framework\locale\bg\LC_MESSAGES\django.mo first seen with mtime 1764907697.3694215
File C:\Users\user\AppData\Local\Programs\Python\Python314\Lib\site-packages\rest_framework\locale\be\LC_MESSAGES\django.mo first seen with mtime 1764907697.367419
File C:\Users\user\AppData\Local\Programs\Python\Python314\Lib\site-packages\rest_framework\locale\az\LC_MESSAGES\django.mo first seen with mtime 1764907697.363418
File C:\Users\user\AppData\Local\Programs\Python\Python314\Lib\site-packages\rest_framework\locale\ar\LC_MESSAGES\django.mo first seen with mtime 1764907697.360397
File C:\Users\user\AppData\Local\Programs\Python\Python314\Lib\site-packages\rest_framework\locale\ach\LC_MESSAGES\django.mo first seen with mtime 1764907697.3573637
File C:\Users\user\AppData\Local\Programs\Python\Python314\Lib\site-packages\django\contrib\auth\migrations\0011_update_proxy_permissions.py first seen with mtime 1764907648.7005198
File C:\Users\user\AppData\Local\Programs\Python\Python314\Lib\site-packages\django\contrib\admin\migrations\0001_initial.py first seen with mtime 1764907647.6587174
File C:\Users\user\AppData\Local\Programs\Python\Python314\Lib\site-packages\django\views\defaults.py first seen with mtime 1764907653.08265
File C:\Users\user\AppData\Local\Programs\Python\Python314\Lib\site-packages\django\contrib\sessions\migrations\0001_initial.py first seen with mtime 1764907651.9310284
File C:\Users\user\AppData\Local\Programs\Python\Python314\Lib\site-packages\django\contrib\contenttypes\migrations\__init__.py first seen with mtime 1764907649.1746614
File C:\Users\user\AppData\Local\Programs\Python\Python314\Lib\site-packages\django\contrib\auth\migrations\0010_alter_group_name_max_length.py first seen with mtime 1764907648.6995292
File C:\Users\user\AppData\Local\Programs\Python\Python314\Lib\site-packages\django\contrib\auth\migrations\0002_alter_permission_name_max_length.py first seen with mtime 1764907648.6903722
File C:\Users\user\AppData\Local\Programs\Python\Python314\Lib\site-packages\django\core\management\commands\migrate.py first seen with mtime 1764907652.5667193
File C:\Users\user\AppData\Local\Programs\Python\Python314\Lib\site-packages\django\contrib\auth\migrations\0012_alter_user_first_name_max_length.py first seen with mtime 1764907648.701563
File C:\Users\user\AppData\Local\Programs\Python\Python314\Lib\site-packages\django\contrib\auth\migrations\0004_alter_user_username_opts.py first seen with mtime 1764907648.693925
File C:\Users\user\AppData\Local\Programs\Python\Python314\Lib\site-packages\django\contrib\admin\migrations\0003_logentry_add_action_flag_choices.py first seen with mtime 1764907647.662651
File C:\Users\user\AppData\Local\Programs\Python\Python314\Lib\site-packages\django\contrib\auth\migrations\0007_alter_validators_add_error_messages.py first seen with mtime 1764907648.695928
File C:\Users\user\AppData\Local\Programs\Python\Python314\Lib\site-packages\django\conf\urls\__init__.py first seen with mtime 1764907647.0087135
File D:\L\Webp2026-ex0\Webp2026-ex0\HW1\myhello\migrations\__init__.py first seen with mtime 1773823185.0
File C:\Users\user\AppData\Local\Programs\Python\Python314\Lib\site-packages\django\contrib\sessions\backends\db.py first seen with mtime 1764907651.5246246
File D:\L\Webp2026-ex0\Webp2026-ex0\HW1\myhello\migrations\0001_initial.py first seen with mtime 1773823185.0
File C:\Users\user\AppData\Local\Programs\Python\Python314\Lib\site-packages\django\contrib\auth\migrations\__init__.py first seen with mtime 1764907648.701563
File C:\Users\user\AppData\Local\Programs\Python\Python314\Lib\stringprep.py first seen with mtime 1764929780.0
File C:\Users\user\AppData\Local\Programs\Python\Python314\Lib\site-packages\django\db\migrations\executor.py first seen with mtime 1764907652.679335
File C:\Users\user\AppData\Local\Programs\Python\Python314\Lib\site-packages\django\views\csrf.py first seen with mtime 1764907653.0806215
File C:\Users\user\AppData\Local\Programs\Python\Python314\Lib\site-packages\django\db\migrations\writer.py first seen with mtime 1764907652.6914434
File C:\Users\user\AppData\Local\Programs\Python\Python314\Lib\site-packages\django\contrib\admin\migrations\0002_logentry_remove_auto_add.py first seen with mtime 1764907647.6616511
File C:\Users\user\AppData\Local\Programs\Python\Python314\Lib\site-packages\django\contrib\contenttypes\migrations\0001_initial.py first seen with mtime 1764907649.1726582
File D:\L\Webp2026-ex0\Webp2026-ex0\HW1\myhello\migrations\0004_course.py first seen with mtime 1774209067.0214312
File C:\Users\user\AppData\Local\Programs\Python\Python314\Lib\site-packages\django\contrib\auth\migrations\0008_alter_user_username_max_length.py first seen with mtime 1764907648.6974418
File C:\Users\user\AppData\Local\Programs\Python\Python314\Lib\site-packages\django\contrib\sessions\migrations\__init__.py first seen with mtime 1764907651.9310284
File C:\Users\user\AppData\Local\Programs\Python\Python314\Lib\site-packages\django\db\migrations\serializer.py first seen with mtime 1764907652.6884055
File C:\Users\user\AppData\Local\Programs\Python\Python314\Lib\site-packages\django\db\models\sql\compiler.py first seen with mtime 1764907652.7480404
File C:\Users\user\AppData\Local\Programs\Python\Python314\Lib\site-packages\django\contrib\auth\migrations\0006_require_contenttypes_0002.py first seen with mtime 1764907648.6949294
File D:\L\Webp2026-ex0\Webp2026-ex0\HW1\hello_django\wsgi.py first seen with mtime 1773823185.0
File C:\Users\user\AppData\Local\Programs\Python\Python314\Lib\site-packages\django\contrib\auth\migrations\0005_alter_user_last_login_null.py first seen with mtime 1764907648.693925
File C:\Users\user\AppData\Local\Programs\Python\Python314\Lib\site-packages\django\contrib\admin\migrations\__init__.py first seen with mtime 1764907647.6636503
File C:\Users\user\AppData\Local\Programs\Python\Python314\Lib\site-packages\django\core\management\sql.py first seen with mtime 1764907652.546348
File D:\L\Webp2026-ex0\Webp2026-ex0\HW1\myhello\migrations\0002_user.py first seen with mtime 1773823185.0
File C:\Users\user\AppData\Local\Programs\Python\Python314\Lib\site-packages\django\db\migrations\recorder.py first seen with mtime 1764907652.687419
File D:\L\Webp2026-ex0\Webp2026-ex0\HW1\myhello\migrations\0003_alter_post_location.py first seen with mtime 1773823185.0
File C:\Users\user\AppData\Local\Programs\Python\Python314\Lib\encodings\idna.py first seen with mtime 1764929780.0
File C:\Users\user\AppData\Local\Programs\Python\Python314\Lib\site-packages\django\contrib\auth\migrations\0003_alter_user_email_max_length.py first seen with mtime 1764907648.691599
File C:\Users\user\AppData\Local\Programs\Python\Python314\Lib\site-packages\django\contrib\auth\migrations\0009_alter_user_last_name_max_length.py first seen with mtime 1764907648.698476
File C:\Users\user\AppData\Local\Programs\Python\Python314\Lib\site-packages\django\contrib\auth\migrations\0001_initial.py first seen with mtime 1764907648.688374
File C:\Users\user\AppData\Local\Programs\Python\Python314\Lib\site-packages\django\contrib\contenttypes\migrations\0002_remove_content_type_name.py first seen with mtime 1764907649.1736586
Exception while resolving variable 'name' in template 'unknown'.
Traceback (most recent call last):
  File "C:\Users\user\AppData\Local\Programs\Python\Python314\Lib\site-packages\django\core\handlers\exception.py", line 55, in inner
    response = get_response(request)
  File "C:\Users\user\AppData\Local\Programs\Python\Python314\Lib\site-packages\django\core\handlers\base.py", line 182, in _get_response
    callback, callback_args, callback_kwargs = self.resolve_request(request)
                                               ~~~~~~~~~~~~~~~~~~~~^^^^^^^^^
  File "C:\Users\user\AppData\Local\Programs\Python\Python314\Lib\site-packages\django\core\handlers\base.py", line 314, in resolve_request
    resolver_match = resolver.resolve(request.path_info)
  File "C:\Users\user\AppData\Local\Programs\Python\Python314\Lib\site-packages\django\urls\resolvers.py", line 716, in resolve
    raise Resolver404({"tried": tried, "path": new_path})
django.urls.exceptions.Resolver404: {'tried': [[<URLResolver <URLPattern list> (admin:admin) 'admin/'>], [<URLResolver <module 'myhello.urls' from 'D:\\L\\Webp2026-ex0\\Webp2026-ex0\\HW1\\myhello\\urls.py'> (None:None) 'myhello/'>]], 'path': 'courselist'}

During handling of the above exception, another exception occurred:

Traceback (most recent call last):
  File "C:\Users\user\AppData\Local\Programs\Python\Python314\Lib\site-packages\django\template\base.py", line 964, in _resolve_lookup
    raise TypeError
TypeError

During handling of the above exception, another exception occurred:

Traceback (most recent call last):
  File "C:\Users\user\AppData\Local\Programs\Python\Python314\Lib\site-packages\django\template\base.py", line 976, in _resolve_lookup
    current = getattr(current, bit)
AttributeError: 'URLResolver' object has no attribute 'name'

During handling of the above exception, another exception occurred:

Traceback (most recent call last):
  File "C:\Users\user\AppData\Local\Programs\Python\Python314\Lib\site-packages\django\template\base.py", line 982, in _resolve_lookup
    current = current[int(bit)]
                      ~~~^^^^^
ValueError: invalid literal for int() with base 10: 'name'

During handling of the above exception, another exception occurred:

Traceback (most recent call last):
  File "C:\Users\user\AppData\Local\Programs\Python\Python314\Lib\site-packages\django\template\base.py", line 989, in _resolve_lookup
    raise VariableDoesNotExist(
    ^^^^^^^^^^^^^^^^^^^^^^^^^^^
    ...<2 lines>...
    )  # missing attribute
    ^
django.template.base.VariableDoesNotExist: Failed lookup for key [name] in <URLResolver <URLPattern list> (admin:admin) 'admin/'>
Exception while resolving variable 'name' in template 'unknown'.
Traceback (most recent call last):
  File "C:\Users\user\AppData\Local\Programs\Python\Python314\Lib\site-packages\django\core\handlers\exception.py", line 55, in inner
    response = get_response(request)
  File "C:\Users\user\AppData\Local\Programs\Python\Python314\Lib\site-packages\django\core\handlers\base.py", line 182, in _get_response
    callback, callback_args, callback_kwargs = self.resolve_request(request)
                                               ~~~~~~~~~~~~~~~~~~~~^^^^^^^^^
  File "C:\Users\user\AppData\Local\Programs\Python\Python314\Lib\site-packages\django\core\handlers\base.py", line 314, in resolve_request
    resolver_match = resolver.resolve(request.path_info)
  File "C:\Users\user\AppData\Local\Programs\Python\Python314\Lib\site-packages\django\urls\resolvers.py", line 716, in resolve
    raise Resolver404({"tried": tried, "path": new_path})
django.urls.exceptions.Resolver404: {'tried': [[<URLResolver <URLPattern list> (admin:admin) 'admin/'>], [<URLResolver <module 'myhello.urls' from 'D:\\L\\Webp2026-ex0\\Webp2026-ex0\\HW1\\myhello\\urls.py'> (None:None) 'myhello/'>]], 'path': 'courselist'}

During handling of the above exception, another exception occurred:

Traceback (most recent call last):
  File "C:\Users\user\AppData\Local\Programs\Python\Python314\Lib\site-packages\django\template\base.py", line 964, in _resolve_lookup
    raise TypeError
TypeError

During handling of the above exception, another exception occurred:

Traceback (most recent call last):
  File "C:\Users\user\AppData\Local\Programs\Python\Python314\Lib\site-packages\django\template\base.py", line 976, in _resolve_lookup
    current = getattr(current, bit)
AttributeError: 'URLResolver' object has no attribute 'name'

During handling of the above exception, another exception occurred:

Traceback (most recent call last):
  File "C:\Users\user\AppData\Local\Programs\Python\Python314\Lib\site-packages\django\template\base.py", line 982, in _resolve_lookup
    current = current[int(bit)]
                      ~~~^^^^^
ValueError: invalid literal for int() with base 10: 'name'

During handling of the above exception, another exception occurred:

Traceback (most recent call last):
  File "C:\Users\user\AppData\Local\Programs\Python\Python314\Lib\site-packages\django\template\base.py", line 989, in _resolve_lookup
    raise VariableDoesNotExist(
    ^^^^^^^^^^^^^^^^^^^^^^^^^^^
    ...<2 lines>...
    )  # missing attribute
    ^
django.template.base.VariableDoesNotExist: Failed lookup for key [name] in <URLResolver <module 'myhello.urls' from 'D:\\L\\Webp2026-ex0\\Webp2026-ex0\\HW1\\myhello\\urls.py'> (None:None) 'myhello/'>
Not Found: /courselist
"GET /courselist HTTP/1.1" 404 2362
File C:\Users\user\AppData\Local\Programs\Python\Python314\Lib\site-packages\django\contrib\messages\storage\session.py first seen with mtime 1764907650.722256
File C:\Users\user\AppData\Local\Programs\Python\Python314\Lib\encodings\unicode_escape.py first seen with mtime 1764929780.0
File C:\Users\user\AppData\Local\Programs\Python\Python314\Lib\site-packages\django\contrib\messages\storage\cookie.py first seen with mtime 1764907650.7184527
File C:\Users\user\AppData\Local\Programs\Python\Python314\Lib\site-packages\django\contrib\messages\storage\fallback.py first seen with mtime 1764907650.7194512
File C:\Users\user\AppData\Local\Programs\Python\Python314\Lib\site-packages\django\contrib\sessions\serializers.py first seen with mtime 1764907651.5076325
(0.003) INSERT INTO "myhello_course" ("Department", "CourseTitle", "Instructor") VALUES ('資工系', '物件導向軟體設計', '黃崇源') RETURNING "myhello_course"."id"; args=('資工系', '物件導向軟體設計', '黃崇源'); alias=default
"GET /myhello/addcourse/?Department=%E8%B3%87%E5%B7%A5%E7%B3%BB&CourseTitle=%E7%89%A9%E4%BB%B6%E5%B0%8E%E5%90%91%E8%BB%9F%E9%AB%94%E8%A8%AD%E8%A8%88&Instructor=%E9%BB%83%E5%B4%87%E6%BA%90 HTTP/1.1" 200 6132
"GET /static/rest_framework/css/bootstrap.min.css HTTP/1.1" 200 121457
"GET /static/rest_framework/css/default.css HTTP/1.1" 200 1152
"GET /static/rest_framework/css/prettify.css HTTP/1.1" 200 817
"GET /static/rest_framework/css/bootstrap-tweaks.css HTTP/1.1" 200 3426
"GET /static/rest_framework/js/csrf.js HTTP/1.1" 200 1793
"GET /static/rest_framework/js/ajax-form.js HTTP/1.1" 200 3796
"GET /static/rest_framework/js/default.js HTTP/1.1" 200 1268
"GET /static/rest_framework/img/grid.png HTTP/1.1" 200 1458
"GET /static/rest_framework/js/load-ajax-form.js HTTP/1.1" 200 59
"GET /static/rest_framework/js/prettify-min.js HTTP/1.1" 200 13632
"GET /static/rest_framework/js/bootstrap.min.js HTTP/1.1" 200 39680
"GET /static/rest_framework/js/jquery-3.7.1.min.js HTTP/1.1" 200 87533
File C:\Users\user\AppData\Local\Programs\Python\Python314\Lib\site-packages\django\conf\locale\en\formats.py first seen with mtime 1764907646.4139805
File C:\Users\user\AppData\Local\Programs\Python\Python314\Lib\site-packages\django\conf\locale\en\__init__.py first seen with mtime 1764907646.412986
File C:\Users\user\AppData\Local\Programs\Python\Python314\Lib\site-packages\django\contrib\staticfiles\storage.py first seen with mtime 1764907652.3981543
File C:\Users\user\AppData\Local\Programs\Python\Python314\Lib\site-packages\django\contrib\auth\context_processors.py first seen with mtime 1764907648.330579
File C:\Users\user\AppData\Local\Programs\Python\Python314\Lib\site-packages\django\contrib\messages\context_processors.py first seen with mtime 1764907650.7104318
File C:\Users\user\AppData\Local\Programs\Python\Python314\Lib\site-packages\django\utils\csp.py first seen with mtime 1764907653.0328383
File C:\Users\user\AppData\Local\Programs\Python\Python314\Lib\site-packages\django\middleware\csp.py first seen with mtime 1764907652.911875
File C:\Users\user\AppData\Local\Programs\Python\Python314\Lib\site-packages\django\template\context_processors.py first seen with mtime 1764907652.948784
(0.003) INSERT INTO "myhello_course" ("Department", "CourseTitle", "Instructor") VALUES ('資工系', '計算機網路實驗', '李春良') RETURNING "myhello_course"."id"; args=('資工系', '計算機網路實驗', '李春良'); alias=default
"GET /myhello/addcourse/?Department=%E8%B3%87%E5%B7%A5%E7%B3%BB&CourseTitle=%E8%A8%88%E7%AE%97%E6%A9%9F%E7%B6%B2%E8%B7%AF%E5%AF%A6%E9%A9%97&Instructor=%E6%9D%8E%E6%98%A5%E8%89%AF HTTP/1.1" 200 6084
(0.003) INSERT INTO "myhello_course" ("Department", "CourseTitle", "Instructor") VALUES ('資工系', '作業系統實務', '張哲維') RETURNING "myhello_course"."id"; args=('資工系', '作業系統實務', '張哲維'); alias=default
"GET /myhello/addcourse/?Department=%E8%B3%87%E5%B7%A5%E7%B3%BB&CourseTitle=%E4%BD%9C%E6%A5%AD%E7%B3%BB%E7%B5%B1%E5%AF%A6%E5%8B%99&Instructor=%E5%BC%B5%E5%93%B2%E7%B6%AD HTTP/1.1" 200 6036
(0.003) INSERT INTO "myhello_course" ("Department", "CourseTitle", "Instructor") VALUES ('資工系', '生物統計', '陳光武') RETURNING "myhello_course"."id"; args=('資工系', '生物統計', '陳光武'); alias=default
"GET /myhello/addcourse/?Department=%E8%B3%87%E5%B7%A5%E7%B3%BB&CourseTitle=%E7%94%9F%E7%89%A9%E7%B5%B1%E8%A8%88&Instructor=%E9%99%B3%E5%85%89%E6%AD%A6 HTTP/1.1" 200 5940
Exception while resolving variable 'name' in template 'unknown'.
Traceback (most recent call last):
  File "C:\Users\user\AppData\Local\Programs\Python\Python314\Lib\site-packages\django\core\handlers\exception.py", line 55, in inner
    response = get_response(request)
  File "C:\Users\user\AppData\Local\Programs\Python\Python314\Lib\site-packages\django\core\handlers\base.py", line 182, in _get_response
    callback, callback_args, callback_kwargs = self.resolve_request(request)
                                               ~~~~~~~~~~~~~~~~~~~~^^^^^^^^^
  File "C:\Users\user\AppData\Local\Programs\Python\Python314\Lib\site-packages\django\core\handlers\base.py", line 314, in resolve_request
    resolver_match = resolver.resolve(request.path_info)
  File "C:\Users\user\AppData\Local\Programs\Python\Python314\Lib\site-packages\django\urls\resolvers.py", line 716, in resolve
    raise Resolver404({"tried": tried, "path": new_path})
django.urls.exceptions.Resolver404: {'tried': [[<URLResolver <URLPattern list> (admin:admin) 'admin/'>], [<URLResolver <module 'myhello.urls' from 'D:\\L\\Webp2026-ex0\\Webp2026-ex0\\HW1\\myhello\\urls.py'> (None:None) 'myhello/'>, <URLPattern 'courselist/' [name='courselist']>], [<URLResolver <module 'myhello.urls' from 'D:\\L\\Webp2026-ex0\\Webp2026-ex0\\HW1\\myhello\\urls.py'> (None:None) 'myhello/'>, <URLPattern 'addcourse/' [name='addcourse']>]], 'path': 'myhello/courselist'}

During handling of the above exception, another exception occurred:

Traceback (most recent call last):
  File "C:\Users\user\AppData\Local\Programs\Python\Python314\Lib\site-packages\django\template\base.py", line 964, in _resolve_lookup
    raise TypeError
TypeError

During handling of the above exception, another exception occurred:

Traceback (most recent call last):
  File "C:\Users\user\AppData\Local\Programs\Python\Python314\Lib\site-packages\django\template\base.py", line 976, in _resolve_lookup
    current = getattr(current, bit)
AttributeError: 'URLResolver' object has no attribute 'name'

During handling of the above exception, another exception occurred:

Traceback (most recent call last):
  File "C:\Users\user\AppData\Local\Programs\Python\Python314\Lib\site-packages\django\template\base.py", line 982, in _resolve_lookup
    current = current[int(bit)]
                      ~~~^^^^^
ValueError: invalid literal for int() with base 10: 'name'

During handling of the above exception, another exception occurred:

Traceback (most recent call last):
  File "C:\Users\user\AppData\Local\Programs\Python\Python314\Lib\site-packages\django\template\base.py", line 989, in _resolve_lookup
    raise VariableDoesNotExist(
    ^^^^^^^^^^^^^^^^^^^^^^^^^^^
    ...<2 lines>...
    )  # missing attribute
    ^
django.template.base.VariableDoesNotExist: Failed lookup for key [name] in <URLResolver <URLPattern list> (admin:admin) 'admin/'>
"GET /myhello/courselist HTTP/1.1" 301 0
(0.000) SELECT "myhello_course"."id", "myhello_course"."Department", "myhello_course"."CourseTitle", "myhello_course"."Instructor" FROM "myhello_course"; args=(); alias=default
"GET /myhello/courselist/ HTTP/1.1" 200 6039
